iso3,name,region,old_score,new_score,delta,confidence,new_rank,old_rank,conflict_raw,conflict_shrunk,crime_raw,crime_shrunk,health_raw,health_shrunk,governance_raw,governance_shrunk,environment_raw,environment_shrunk,advisory_A,advisory_nAdv,advisory_severeShare,advisory_severeEff,advisory_rhoA,mu_prior,G_geomean,acute_mean,composite
ABW,Aruba,americas,9.151258282468602,6.6446507195660836,-2.506607562902518,0.09375,137,23,0.9803921568627452,0.6597947303921569,,0.5140686274509804,,0.5140686274509804,,0.5140686274509804,,0.5140686274509804,0.9803921568627452,5,0,0,0.45454545454545453,0.5140686274509804,0.5540352831498377,0.5540352831498377,0.5540352831498377
AFG,Afghanistan,asia,1.968,3.8560056410932426,1.8880056410932426,0.7506811332127789,247,235,0.22976428571428575,0.25288067359855343,0.21599999999999997,0.250625,0.43740000000000007,0.41234687500000006,0.14214285714285713,0.1811517857142857,0.3407692307692307,0.33957532051282047,0.11428571428571428,11,0.7714285714285715,0.4991596638655463,0.6470588235294118,0.3371875,0.2725733148248025,0.2518453364259673,0.23388818999776684
AGO,Angola,africa,5.713695539263766,6.701987232353463,0.988291693089697,0.7509523809523809,130,161,0.6999221846846846,0.6468614122000151,0.64425,0.5894086418351124,0.5318,0.5119263116057234,0.4153214285714286,0.4227181921417216,0.6672727272727272,0.5956169003227827,0.7117117117117117,12,0,0,0.6666666666666666,0.4523052464228935,0.5611685589723273,0.5611685589723273,0.5611685589723273
AIA,Anguilla,americas,9.151225107092204,6.63957742315705,-2.511647683935154,0.09375,138,24,0.9777777777777777,0.6586631944444444,,0.5136111111111111,,0.5136111111111111,,0.5136111111111111,,0.5136111111111111,0.9777777777777777,5,0,0,0.45454545454545453,0.5136111111111111,0.5534050349694002,0.5534050349694002,0.5534050349694002
ALA,Aland Islands,europe,5.5,6.205096827573794,0.7050968275737937,0,181,166,,0.5,,0.5,,0.5,,0.5,,0.5,,0,0,0,0,0.5,0.5,0.5,0.49999999999999994
ALB,Albania,europe,6.952314229388741,7.678938197266844,0.726623967878103,0.7500207039337474,46,124,0.8186805555555556,0.7684239130434783,0.7305,0.6896428571428572,0.84922,0.78379,0.5300714285714285,0.5415571428571428,0.49,0.5225,0.8888888888888888,9,0,0,0.6,0.5875,0.685538008347014,0.685538008347014,0.685538008347014
AND,Andorra,europe,8.837394077725595,7.598695848897324,-1.2386982288282704,0.21249999999999997,49,41,1,0.7499999999999999,,0.6,0.9875,0.79375,,0.6,,0.6,1,9,0,0,0.6,0.6,0.6784701604525438,0.6652043711409434,0.6751291151759864
ARE,United Arab Emirates,middle_east,7.157936366193559,7.343513274278074,0.18557690808451444,0.7329464285714286,72,117,0.6815676724137931,0.6305350889008622,0.7875,0.6905788177339901,0.7,0.6160919540229884,0.6737142857142857,0.6286266009852216,0.7288888888888888,0.6353512132822478,0.7241379310344828,8,0,0,0.5714285714285714,0.4482758620689655,0.6422520485396415,0.6422520485396415,0.6422520485396415
ARG,Argentina,americas,6.857721376066474,7.437422850660277,0.5797014745938034,0.7509523809523809,61,128,0.8251086711711713,0.763097535297903,0.62025,0.596099534408358,0.83005,0.7564683426073131,0.5440357142857143,0.542373245514422,0.5063636363636363,0.5161502143855085,0.927927927927928,12,0,0,0.6666666666666666,0.5357233704292528,0.6543109863130558,0.6543109863130558,0.6543109863130558
ARM,Armenia,middle_east,6.576038789603846,7.210568052101507,0.6345292624976615,0.7503732303732303,83,139,0.6754079545454545,0.6227398955773955,0.75325,0.6614123376623376,0.80816,0.7140745454545454,0.5405357142857143,0.5187922077922078,0.6209090909090909,0.5578787878787879,0.6363636363636364,10,0,0,0.625,0.4318181818181818,0.6252616491344127,0.6252616491344127,0.6252616491344127
ASM,American Samoa,oceania,9.26221747588138,6.434940177723687,-2.827277298157693,0.06,166,20,1,0.6,,0.5,,0.5,,0.5,0.9,0.5,1,2,0,0,0.25,0.5,0.5281099842196291,0.5281099842196291,0.5281099842196291
ATA,Antarctica,other,7.210545751253548,6.08949808525093,-1.1210476660026183,0.075,191,113,0.6666666666666666,0.5205729166666666,,0.471875,,0.471875,,0.471875,,0.471875,0.6666666666666666,3,0,0,0.3333333333333333,0.471875,0.4859855419444717,0.4859855419444717,0.4859855419444717
ATF,French Southern Territories,other,5.5,5.78939212004258,0.28939212004257975,0,208,166,,0.45,,0.45,,0.45,,0.45,,0.45,,0,0,0,0,0.45,0.45,0.45,0.45000000000000007
ATG,Antigua and Barbuda,americas,7.278800713226932,7.108009557305397,-0.1707911559215347,0.39166666666666666,93,108,0.9696969696969696,0.6696786042240587,,0.5196694214876033,0.8680100000000001,0.7809248553719009,0.47,0.49483471074380164,0.7944444444444445,0.7028527701254975,0.9696969696969696,6,0,0,0.5,0.5196694214876033,0.6223992010106288,0.5826722100745929,0.6122204696678121
AUS,Australia,oceania,8.647063271595252,8.335801262236917,-0.3112620093583356,0.749136400322841,16,48,0.8923000000000001,0.8173370056497176,0.8485,0.7638095238095238,0.8722599999999999,0.7922158333333333,0.9039642857142858,0.8335880952380952,0.5718181818181818,0.565239898989899,1,7,0,0,0.5384615384615384,0.5520833333333334,0.7719716049691193,0.7719716049691193,0.7719716049691193
AUT,Austria,europe,8.567248834664031,8.48071681743425,-0.0865320172297821,0.7500207039337474,12,52,0.9311045977011494,0.8591253373313344,0.8725,0.7946428571428573,0.9441299999999999,0.8580975,0.7911428571428573,0.7529142857142859,0.5411111111111111,0.5607407407407408,0.9770114942528735,9,0,0,0.6,0.6,0.7913257959954956,0.7913257959954956,0.7913257959954956
AZE,Azerbaijan,middle_east,1.7155,6.428553786007043,4.713053786007043,0.7503732303732303,168,241,0.6379088383838384,0.5913102943852944,0.66525,0.5958615921115921,0.7830900000000001,0.6929151430976431,0.21982142857142856,0.26033525733525736,0.4788888888888889,0.4600561167227834,0.5959595959595959,10,0,0,0.625,0.4223905723905724,0.527324585445453,0.527324585445453,0.5273245854454531
BDI,Burundi,africa,2.1205,6.033503170818969,3.9130031708189694,0.7509523809523809,194,229,0.5840198198198199,0.5472102127337423,0.5305,0.49671190097660683,0.51061,0.48601791335453104,0.2575,0.28844833068362485,0.7554545454545455,0.6410502481090717,0.5495495495495495,12,0.02702702702702703,0.018018018018018018,0.6666666666666666,0.412241653418124,0.48139576652874383,0.48139576652874383,0.4792273171299657
BEL,Belgium,europe,8.470410331920853,8.255029106842983,-0.21538122507786994,0.7503732303732303,19,55,0.8519055555555556,0.7954374874874875,0.7995,0.7398544973544974,0.9340700000000002,0.8482376851851853,0.8300357142857142,0.7821767195767195,0.5355555555555556,0.5539506172839506,0.8888888888888888,10,0,0,0.625,0.5907407407407407,0.761227986056042,0.761227986056042,0.761227986056042
BEN,Benin,africa,6.592074765016464,6.618334275356726,0.026259510340262082,0.7506811332127789,141,137,0.6563291666666666,0.6097997362869199,0.5795,0.5396726190476191,0.4922700000000001,0.4792285416666668,0.6600357142857143,0.6160494047619047,0.5299999999999999,0.5000347222222222,0.6666666666666666,11,0.029411764705882353,0.01903114186851211,0.6470588235294118,0.4401041666666667,0.5534006290174481,0.5534006290174481,0.5507676675472094
BES,"Bonaire, Sint Eustatius and Saba",americas,5.5,5.620432067402156,0.12043206740215595,0,219,166,,0.43,,0.43,,0.43,,0.43,,0.43,,0,0,0,0,0.43,0.43,0.43,0.42999999999999994
BFA,Burkina Faso,africa,5.259898452199833,5.203866076856776,-0.05603237534305716,0.7506811332127789,228,187,0.39886851851851857,0.38856421120487583,0.43674999999999997,0.41224537037037035,0.34619,0.34738844907407407,0.50125,0.47119675925925925,0.7411111111111112,0.6110686728395062,0.2962962962962963,11,0.4444444444444444,0.2875816993464052,0.6470588235294118,0.35098379629629634,0.4153174768496132,0.3986390974355236,0.38152854952018317
BGD,Bangladesh,asia,5.009380628132779,6.330596940427994,1.3212163122952152,0.7509523809523809,175,191,0.6771647522522524,0.6311166160383073,0.64125,0.5901138428344311,0.48945,0.4826558624801272,0.3603928571428571,0.38076897569838747,0.3069230769230769,0.35870653458888757,0.6306306306306307,12,0,0,0.6666666666666666,0.4622734499205088,0.5153087468548745,0.5153087468548745,0.5153087468548744
BGR,Bulgaria,europe,7.005489560706451,7.840241046257993,0.8347514855515419,0.7496130952380953,38,122,0.860584413580247,0.8029375797572412,0.748,0.7048731515398182,0.87447,0.8051165075973409,0.4969285714285714,0.5169540632207299,0.5955555555555556,0.5960557138334917,0.9506172839506173,8,0,0,0.5714285714285714,0.5970560303893637,0.7065623670956729,0.7065623670956729,0.706562367095673
BHR,Bahrain,middle_east,4.3075,7.0116420735566045,2.7041420735566044,0.7506811332127789,102,195,0.6478255952380954,0.6016466169379145,0.659,0.5944940476190476,0.8127800000000001,0.7178922916666667,0.40635714285714286,0.4117315476190476,0.9166666666666666,0.7555208333333333,0.6380952380952382,11,0,0,0.6470588235294118,0.4332291666666667,0.6005759618813538,0.5983529806843708,0.6000194435206935
BHS,Bahamas,americas,6.846431004811481,6.99349026883968,0.1470592640281989,0.4041666666666667,105,129,0.8333333333333333,0.6281249999999999,,0.505,0.82144,0.7423299999999999,0.6,0.5525,0.8227272727272728,0.7168181818181818,0.8333333333333333,9,0,0,0.6,0.505,0.6112893286129925,0.5588190180313629,0.5977270431310364
BIH,Bosnia and Herzegovina,europe,6.362195330149754,7.47712405139546,1.1149287212457066,0.7496130952380953,56,146,0.7924275862068966,0.7455180702917772,0.714,0.6751383099658962,0.86599,0.7939885212201592,0.3845714285714286,0.4232539598332702,0.5766666666666665,0.5771058060713232,0.8620689655172413,8,0,0,0.5714285714285714,0.5779840848806366,0.6594231415683917,0.6594231415683917,0.6594231415683917
BLM,Saint Barthelemy,americas,5.5,5.620432067402156,0.12043206740215595,0,219,166,,0.43,,0.43,,0.43,,0.43,,0.43,,0,0,0,0,0.43,0.43,0.43,0.42999999999999994
BLR,Belarus,europe,2.032,5.957855695987199,3.925855695987199,0.7506811332127789,201,234,0.45878749999999996,0.4521219936708861,0.62625,0.5695535714285713,0.81583,0.718825625,0.4094285714285715,0.4131053571428572,0.6366666666666667,0.5670486111111112,0.2,11,0.6,0.38823529411764707,0.6470588235294118,0.4278125,0.5303422152439454,0.4926758565657363,0.4701288762844618
BLZ,Belize,americas,6.312781481366866,6.888818939944866,0.5760374585779999,0.4116666666666667,116,147,0.8198198198198198,0.6333365129835719,,0.5090143084260731,0.8270700000000001,0.7475560771065184,0.42000000000000004,0.46450715421303657,0.6966666666666667,0.6341158805864687,0.8198198198198198,12,0,0,0.6666666666666666,0.5090143084260731,0.5917896085337159,0.5633357619465553,0.5845441677922547
BOL,Bolivia,americas,5.454886659168577,6.757385858803794,1.3024991996352169,0.7506811332127789,124,181,0.6875886904761905,0.6412813667872213,0.61125,0.571577380952381,0.71597,0.6550764583333333,0.36317857142857146,0.38502202380952383,0.5499999999999999,0.5241319444444444,0.6761904761904761,11,0,0,0.6470588235294118,0.4723958333333333,0.568078878389077,0.568078878389077,0.5680788783890769
BRA,Brazil,americas,6.531587712595934,6.382109961840169,-0.1494777507557652,0.7503732303732303,172,142,0.6326282828282828,0.5992635726635726,0.42025,0.4368404280904281,0.51732,0.5075691245791246,0.6258928571428571,0.5963775853775853,0.5592307692307693,0.532259345592679,0.7070707070707071,10,0,0,0.625,0.4783164983164983,0.5289390554769724,0.5002661349848055,0.5216203217867819
BRB,Barbados,americas,7.565948328597116,7.382995764449669,-0.1829525641474472,0.4520512820512821,67,96,0.9555555555555556,0.6975498575498574,,0.5362962962962963,0.77678,0.7166590740740741,0.8022857142857143,0.7490878306878306,0.7611111111111112,0.6861728395061729,0.9555555555555556,10,0,0,0.625,0.5362962962962963,0.6626886923833901,0.6033056315211536,0.6473162580698612
BRN,Brunei,asia,7.49172963740348,7.108800009116431,-0.3829296282870489,0.39666666666666667,92,98,0.9420289855072465,0.6678710748792271,,0.5202475845410628,0.80759,0.7357543961352657,0.69,0.6051237922705314,0.6255555555555555,0.5904528985507246,0.9420289855072465,7,0,0,0.5384615384615384,0.5202475845410628,0.622589858275279,0.5825186214292627,0.612320761119011
BTN,Bhutan,asia,8.211296069515281,8.13324462771907,-0.0780514417962106,0.7503732303732303,23,64,0.8988967741935485,0.8211114792211567,0.848,0.7597542242703533,0.7844200000000001,0.7230999462365593,0.7402142857142857,0.6999993855606759,0.6577777777777777,0.618231780167264,0.967741935483871,10,0,0,0.625,0.5391397849462365,0.7450893661816688,0.7450893661816688,0.7450893661816688
BVT,Bouvet Island,other,5.5,5.78939212004258,0.28939212004257975,0,208,166,,0.45,,0.45,,0.45,,0.45,,0.45,,0,0,0,0,0.45,0.45,0.45,0.45000000000000007
BWA,Botswana,africa,7.83941870533892,7.55963860061715,-0.2797801047217696,0.7503732303732303,50,78,0.7893202956989247,0.7216885123026252,0.656,0.604720942140297,0.80653,0.7240283243727599,0.6959642857142856,0.6520760880696364,0.7463636363636363,0.6564168567394374,0.8279569892473118,10,0,0,0.625,0.4765232974910394,0.6740739050669702,0.658219337331115,0.670074815481722
CAF,Central African Republic,africa,2.036,4.398544615383134,2.362544615383134,0.7500207039337474,243,233,0.3371166666666666,0.33448260869565216,0.367,0.355,0.32117,0.3221275,0.16021428571428573,0.1931714285714286,0.5555555555555556,0.4787037037037037,0.16666666666666666,9,0.625,0.375,0.6,0.325,0.3216420516612291,0.3216420516612291,0.2914881093179889
CAN,Canada,americas,8.429799190368765,8.225023711165882,-0.2047754792028833,0.7496130952380953,20,57,0.9193583333333333,0.8346124799679486,0.86575,0.7703782051282051,0.8750399999999999,0.7892671794871795,0.8612857142857142,0.795418315018315,0.4288888888888889,0.4632421652421652,0.9733333333333333,8,0,0,0.5714285714285714,0.5319487179487179,0.7572449997205369,0.7572449997205369,0.757244999720537
CCK,Cocos (Keeling) Islands,other,5.5,5.78939212004258,0.28939212004257975,0,208,166,,0.45,,0.45,,0.45,,0.45,,0.45,,0,0,0,0,0.45,0.45,0.45,0.45000000000000007
CHE,Switzerland,europe,8.952454847462269,8.675102888770095,-0.277351958692174,0.7496130952380953,4,33,0.9188500000000001,0.8491015625,0.9225,0.8303571428571429,0.92129,0.8409675000000001,0.9337500000000001,0.867,0.6099999999999999,0.6066666666666666,1,8,0,0,0.5714285714285714,0.6,0.8174436864928637,0.8174436864928637,0.8174436864928637
CHL,Chile,americas,8.052710345286272,7.556462028421761,-0.4962483168645111,0.7506811332127789,52,69,0.7445619047619048,0.6904328134418326,0.667,0.6172916666666667,0.8630800000000001,0.7705652083333334,0.8141785714285714,0.7499470238095238,0.5318181818181817,0.5188857323232323,0.761904761904762,11,0,0,0.6470588235294118,0.49302083333333335,0.6752781082867867,0.6531005407088886,0.6696640943344122
CHN,China,asia,2.6638749999999995,6.835683512553736,4.171808512553737,0.7500207039337474,119,213,0.7433583333333333,0.6915413043478262,0.7325,0.6675000000000001,0.75357,0.6914275,0.41682142857142856,0.4344571428571428,0.1254545454545454,0.25196969696969695,0.8333333333333333,9,0,0,0.6,0.505,0.5778757329699685,0.5778757329699685,0.5778757329699685
CIV,Cote d'Ivoire,africa,5.31287742613399,5.954138485300435,0.6412610591664452,0.4116666666666667,202,186,0.6666666666666666,0.4830729166666667,,0.421875,0.58605,0.5450062499999999,0.40714285714285714,0.4100892857142857,0.6709090909090909,0.5878977272727273,0.6666666666666666,3,0,0,0.3333333333333333,0.421875,0.47603840621232446,0.451120348946527,0.46968273764072777
CMR,Cameroon,africa,2.161,5.538226225827475,3.377226225827475,0.7503732303732303,222,225,0.5475251262626263,0.518940204977705,0.5065,0.4804485329485329,0.38088,0.38948996632996635,0.17350000000000002,0.22186397306397304,0.5563636363636363,0.5093490460157126,0.5656565656565656,10,0.030303030303030304,0.01893939393939394,0.625,0.4153198653198653,0.4223385612027113,0.4223385612027113,0.42033885210610755
COD,Democratic Republic of the Congo,africa,2.458,4.58803363872072,2.13003363872072,0.7485714285714286,240,217,0.3613708333333333,0.3628843855218855,0.31275,0.3285876623376623,0.27777,0.30037295454545454,0.14839285714285716,0.19235064935064936,0.5538461538461539,0.491958041958042,0.3333333333333333,6,0.18181818181818182,0.09090909090909091,0.5,0.3681818181818182,0.31947164487868784,0.31947164487868784,0.3122109256768995
COG,Congo,africa,3.4570000000000003,6.268015302581866,2.811015302581866,0.7478911564625851,179,204,0.6593375,0.6084849489795917,0.553,0.5186607142857144,0.64671,0.5932356249999999,0.25742857142857145,0.2925053571428572,0.5372727272727273,0.5024526515151516,0.6875,5,0.0625,0.028409090909090908,0.45454545454545453,0.43281250000000004,0.511294149277311,0.511294149277311,0.5076627987852845
COK,Cook Islands,oceania,9.047939285335218,6.7333683325752025,-2.3145709527600156,0.08571428571428573,127,31,1,0.6626984126984128,,0.5277777777777778,,0.5277777777777778,,0.5277777777777778,0.9,0.5277777777777778,1,4,0,0,0.4,0.5277777777777778,0.565080797276175,0.565080797276175,0.5650807972761751
COL,Colombia,americas,6.15725456915736,5.933543431815702,-0.2237111373416587,0.7506811332127789,205,153,0.5285428571428571,0.5095565777576854,0.354,0.37866071428571424,0.54725,0.520515625,0.6476428571428572,0.6061767857142858,0.4318181818181819,0.4346496212121212,0.5428571428571427,11,0,0,0.6470588235294118,0.44031249999999994,0.4799664333683833,0.4309484853484404,0.46721253821294123
COM,Comoros,africa,3.3625,6.3780840945359385,3.0155840945359387,0.44166666666666665,173,206,0.8055555555555555,0.582494212962963,,0.46238425925925924,0.7523,0.6798210648148147,0.2488928571428571,0.2915911375661375,0.8772727272727273,0.738976571268238,0.8055555555555555,7,0,0,0.5384615384615384,0.46238425925925924,0.5234755275849459,0.5141423803268503,0.5211264762719641
CPV,Cabo Verde,africa,8.015004195955306,6.688194892858079,-1.3268093030972272,0.43041666666666667,132,70,0.7777777777777778,0.5514756944444444,,0.4486111111111111,0.84871,0.7486852777777777,0.6557499999999999,0.6143222222222222,0.8923076923076924,0.744408831908832,0.7777777777777777,5,0,0,0.45454545454545453,0.4486111111111111,0.5830769367871393,0.49416308684723986,0.5594508949911975
CRI,Costa Rica,americas,8.17348788265366,7.722172581936111,-0.4513153007175488,0.7506811332127789,45,65,0.7934759259259259,0.7315607184716362,0.69225,0.6389649470899471,0.8004399999999999,0.7267680787037036,0.83925,0.772550462962963,0.5933333333333334,0.5641396604938271,0.8148148148148148,11,0,0,0.6470588235294118,0.5057523148148148,0.6938270578277395,0.6832206429664612,0.691160116645176
CUB,Cuba,americas,2.6605,6.5795855385835775,3.9190855385835777,0.7506811332127789,148,214,0.6344428571428571,0.5926679701627486,0.57475,0.5363392857142857,0.77596,0.692048125,0.2825,0.3140625,0.7346153846153847,0.6365144230769232,0.5428571428571428,11,0,0,0.6470588235294118,0.4403125,0.5459637852396724,0.5459637852396724,0.5459637852396724
CUW,Curacao,americas,8.921448520787557,6.198835772659435,-2.722612748128122,0.06,184,35,0.9333333333333333,0.5653333333333334,,0.47333333333333333,,0.47333333333333333,,0.47333333333333333,,0.47333333333333333,0.9333333333333333,2,0,0,0.25,0.47333333333333333,0.49923881161246864,0.49923881161246864,0.4992388116124686
CXR,Christmas Island,other,5.5,5.78939212004258,0.28939212004257975,0,208,166,,0.45,,0.45,,0.45,,0.45,,0.45,,0,0,0,0,0.45,0.45,0.45,0.45000000000000007
CYM,Cayman Islands,americas,9.70288638116901,6.454362541952282,-3.2485238392167286,0.075,162,13,1,0.62171875,,0.495625,,0.495625,,0.495625,,0.495625,1,3,0,0,0.3333333333333333,0.495625,0.5305000544487889,0.5305000544487889,0.5305000544487889
CYP,Cyprus,europe,8.301737033838005,8.021113275904586,-0.2806237579334194,0.7503732303732303,30,59,0.8114517676767676,0.7652592660842661,0.67975,0.656338985088985,0.8882,0.8156028619528619,0.7505714285714286,0.7200194324194324,0.8333333333333333,0.7548260381593715,0.9191919191919191,10,0,0,0.625,0.5978114478114478,0.7380855408047309,0.7074115764689048,0.7302945569931707
CZE,Czech Republic,europe,8.817766551722556,8.568137645825043,-0.24962890589751296,0.747056277056277,7,42,0.9326875,0.8520261994949494,0.8685,0.785436507936508,0.9361599999999999,0.8465644444444442,0.8643214285714285,0.8070126984126983,0.6633333333333333,0.6348148148148148,1,4,0,0,0.4,0.5777777777777777,0.8030496945311223,0.8030496945311223,0.8030496945311223
DEU,Germany,europe,8.524215168309397,8.1146163906444,-0.4095987776649963,0.749136400322841,24,54,0.8230655797101449,0.7652470072873168,0.843,0.7623309178743961,0.91857,0.8290920531400967,0.91925,0.8475316425120774,0.4255555555555556,0.4705897745571659,0.7971014492753623,7,0.08695652173913043,0.046822742474916385,0.5384615384615384,0.5606582125603865,0.7514231361116283,0.7514231361116283,0.7426272131136661
DJI,Djibouti,africa,5.562991527105265,6.698012889286943,1.1350213621816785,0.7509523809523809,131,165,0.6544577702702703,0.609231582159891,0.61725,0.5675792073586191,0.68699,0.6260930564387918,0.359,0.37588044515103336,0.75,0.647800741918389,0.6756756756756757,12,0.02702702702702703,0.018018018018018018,0.6666666666666666,0.44340222575516697,0.5632104748035451,0.5632104748035451,0.5606734906828085
DMA,Dominica,americas,7.435603252091593,7.20148591404879,-0.234117338042803,0.4041666666666667,84,101,0.9523809523809524,0.6895089285714285,,0.5317857142857143,0.79887,0.7320989285714286,0.5700000000000001,0.5508928571428572,0.7833333333333334,0.6994841269841271,0.9523809523809524,9,0,0,0.6,0.5317857142857143,0.6332102651585432,0.5975651818389662,0.6241044528664096
DNK,Denmark,europe,9.397532571413986,8.77728472516901,-0.6202478462449772,0.7496130952380953,2,18,0.8988813271604938,0.8305303578317901,0.9237500000000001,0.8273699294532628,0.9087,0.8281299382716049,0.9625714285714285,0.8873410934744268,0.8722222222222222,0.776954732510288,0.9012345679012346,8,0,0,0.5714285714285714,0.5864197530864197,0.8319638279619517,0.8290878222108667,0.831243892574892
DOM,Dominican Republic,americas,6.4767209830976,6.93354041176009,0.4568194286624898,0.7496130952380953,111,145,0.7202380747126436,0.6683919529868478,0.61625,0.5782434950107364,0.67836,0.6295768081343943,0.4948214285714285,0.4925025893646583,0.5745454545454546,0.5441060472094955,0.7471264367816091,8,0.06896551724137931,0.03940886699507389,0.5714285714285714,0.4832272325375773,0.5960414053573136,0.5960414053573136,0.5901690762404929
DZA,Algeria,africa,5.489314371913596,6.709775068879951,1.220460696966355,0.7503732303732303,129,180,0.6234347222222221,0.5779273148148146,0.64425,0.5781679894179893,0.76676,0.6783107407407407,0.37339285714285714,0.3813068783068783,0.6827272727272726,0.5928058361391694,0.5555555555555554,10,0,0,0.625,0.4129629629629629,0.5621389251041706,0.5621389251041706,0.5621389251041706
ECU,Ecuador,americas,5.3585104783885855,6.519616015167287,1.1611055367787015,0.7506811332127789,152,185,0.6891745098039217,0.6445710287912635,0.60725,0.5714355742296918,0.5662900000000001,0.5451923774509805,0.36139285714285707,0.38549418767507,0.4136363636363636,0.43639074569221625,0.7156862745098039,11,0,0,0.6470588235294118,0.48189950980392154,0.5385465353280768,0.5385465353280768,0.5385465353280768
EGY,Egypt,africa,5.371748026886029,6.500775022267304,1.1290269953812757,0.7500207039337474,156,184,0.6187875,0.5761163043478261,0.63325,0.5730357142857142,0.77144,0.684205,0.37757142857142856,0.3865571428571428,0.33999999999999997,0.3675,0.5999999999999999,9,0,0,0.6,0.4225,0.5362206204268606,0.5362206204268606,0.5362206204268607
ERI,Eritrea,africa,1.8639999999999999,5.7993413880864795,3.9353413880864796,0.7506811332127789,207,239,0.5594272058823531,0.5266430286671633,0.393,0.3970220588235294,0.7023299999999999,0.6285168014705882,0.1740357142857143,0.22064401260504204,0.7477777777777778,0.6342109204793028,0.5294117647058824,11,0.029411764705882353,0.01903114186851211,0.6470588235294118,0.40707720588235297,0.45456828627275603,0.4496771101485199,0.45118363007485024
ESH,Western Sahara,africa,4.614939131577189,5.257306754715175,0.6423676231379858,0.0375,226,194,0.3333333333333333,0.3831597222222222,,0.3902777777777778,,0.3902777777777778,,0.3902777777777778,,0.3902777777777778,0.3333333333333333,1,0,0,0.14285714285714285,0.3902777777777778,0.3881285871419526,0.38633036971044604,0.38767824961426456
ESP,Spain,europe,8.25706088343528,8.091825250604613,-0.165235632830667,0.7500207039337474,26,62,0.8211541666666666,0.7692728260869566,0.7909999999999999,0.7314285714285713,0.9009199999999999,0.8213149999999999,0.8037142857142857,0.7594714285714286,0.4988888888888888,0.5267592592592593,0.8666666666666667,9,0,0,0.6,0.5825,0.7396171664070823,0.7396171664070823,0.7396171664070823
EST,Estonia,europe,8.9315681707979,8.56242490412642,-0.3691432666714807,0.7496130952380953,8,34,0.8951125000000001,0.8305566406250001,0.83575,0.7683928571428572,0.9341999999999999,0.85065,0.9260357142857143,0.8608285714285714,0.6766666666666666,0.6511111111111111,1,8,0,0,0.5714285714285714,0.6,0.8030818284802417,0.7998891312529756,0.8022824614611269
ETH,Ethiopia,africa,4.872651262313077,5.635206396505413,0.7625551341923353,0.7500207039337474,217,192,0.45266944444444446,0.4368717391304348,0.47824999999999995,0.45017857142857143,0.41325,0.40493749999999995,0.38775,0.3862,0.6053846153846154,0.5302564102564102,0.4111111111111111,9,0.03333333333333333,0.02,0.6,0.38,0.43391076294149844,0.43391076294149844,0.4317412091267909
FIN,Finland,europe,8.85349885562894,8.608596022026639,-0.24490283360230158,0.7500207039337474,6,39,0.9090170977011494,0.841839467766117,0.93725,0.8408928571428572,0.90554,0.829155,0.8953571428571427,0.8362857142857141,0.58,0.5866666666666666,0.9770114942528735,9,0,0,0.6,0.6,0.8084877398524225,0.8084877398524225,0.8084877398524226
FJI,Fiji,oceania,7.089666028345846,7.441013567881114,0.35134753953526765,0.44916666666666666,60,119,0.9770114942528735,0.7147090517241378,,0.5573275862068965,0.81141,0.7478893965517242,0.6782142857142857,0.6540369458128078,0.7409090909090909,0.6797152560083594,0.9770114942528735,9,0,0,0.6,0.5573275862068965,0.6654369905924309,0.6237955096202304,0.6547730038705838
FLK,Falkland Islands,americas,9.850725625667748,6.2796940730451265,-3.571031552622621,0.06,178,6,1,0.584,,0.48,,0.48,,0.48,,0.48,1,2,0,0,0.25,0.48,0.5090878360517969,0.5090878360517969,0.5090878360517969
FRA,France,europe,7.927013717754361,7.795430835252326,-0.13158288250203576,0.7500207039337474,40,72,0.7039236111111111,0.673179347826087,0.782,0.7192857142857143,0.87713,0.7984724999999999,0.8619642857142857,0.8020714285714285,0.4444444444444445,0.4837962962962963,0.7777777777777778,9,0,0,0.6,0.5625,0.703420137971643,0.6926357592181792,0.7007084026424057
FRO,Faroe Islands,europe,9.850725625667748,6.581298157411255,-3.2694274682564926,0.0375,146,6,1,0.5880208333333334,,0.5291666666666667,,0.5291666666666667,,0.5291666666666667,,0.5291666666666667,1,1,0,0,0.14285714285714285,0.5291666666666667,0.546175920682485,0.546175920682485,0.546175920682485
FSM,Micronesia,oceania,7.551666478675176,7.166027930978886,-0.38563854769629025,0.37738095238095243,86,97,1,0.6626984126984128,,0.5277777777777778,0.86754,0.7825994444444444,0.52,0.5238888888888888,0.8363636363636363,0.7335016835016835,1,4,0,0,0.4,0.5277777777777778,0.6311628824096585,0.5861324831103635,0.6195909073208484
GAB,Gabon,africa,6.038038460584787,6.886522330635194,0.8484838700504067,0.7506811332127789,117,156,0.7200539215686275,0.6653956937205262,0.61575,0.5729796918767508,0.6807599999999999,0.6270834803921568,0.43242857142857144,0.43915364145658264,0.6372727272727273,0.5801997920380274,0.7745098039215685,11,0.029411764705882353,0.01903114186851211,0.6470588235294118,0.46605392156862746,0.5870486657036474,0.5870486657036474,0.5842556140934657
GBR,United Kingdom,europe,8.449990810741888,8.059880337633224,-0.3901104731086633,0.7319047619047618,28,56,0.7908063492063492,0.7420076318742985,0.81925,0.7483820346320347,0.87,0.7704040404040403,0.8473928571428572,0.79215670995671,0.5522222222222222,0.5585521885521886,0.8730158730158729,6,0,0,0.5,0.5712121212121212,0.7354025000592692,0.7354025000592692,0.7354025000592692
GEO,Georgia,europe,6.694376656561948,7.334118488672272,0.6397418321103236,0.7500207039337474,73,134,0.7180791666666666,0.6837141304347827,0.637,0.615,0.7945599999999999,0.73592,0.5989285714285715,0.5911428571428572,0.4733333333333334,0.5022222222222222,0.7666666666666667,9,0,0,0.6,0.56,0.6410482608424407,0.6410482608424407,0.6410482608424407
GGY,Guernsey,europe,5.5,6.205096827573794,0.7050968275737937,0,181,166,,0.5,,0.5,,0.5,,0.5,,0.5,,0,0,0,0,0.5,0.5,0.5,0.49999999999999994
GHA,Ghana,africa,6.555875499593112,7.011052846547109,0.45517734695399703,0.7506811332127789,103,140,0.7116144607843138,0.6516652519235543,0.73575,0.6492577030812325,0.62489,0.5769242401960784,0.48878571428571427,0.4776339635854342,0.6609090909090909,0.5849483808674986,0.6372549019607844,11,0,0,0.6470588235294118,0.43302696078431374,0.599945000822535,0.599945000822535,0.5999450008225351
GIB,Gibraltar,europe,8.921130187804447,6.6175197653433635,-2.303610422461084,0.06,142,37,0.8333333333333333,0.5933333333333334,,0.5333333333333333,,0.5333333333333333,,0.5333333333333333,,0.5333333333333333,0.8333333333333333,2,0,0,0.25,0.5333333333333333,0.5506665976485486,0.5506665976485486,0.5506665976485486
GIN,Guinea,africa,2.431,6.131172770604631,3.700172770604631,0.7506811332127789,190,219,0.6498267156862745,0.6087577283445024,0.58525,0.549171918767507,0.5088100000000001,0.49635167892156873,0.20996428571428571,0.25976677170868345,0.5499999999999999,0.5196589052287581,0.7450980392156863,11,0.029411764705882353,0.01903114186851211,0.6470588235294118,0.4589767156862745,0.4933756400955805,0.4933756400955805,0.4910282646452987
GLP,Guadeloupe,americas,9.150610806718078,6.5095685359828765,-2.641042270735201,0.09375,153,26,0.9111111111111111,0.6298090277777777,,0.5019444444444444,,0.5019444444444444,,0.5019444444444444,,0.5019444444444444,0.9111111111111111,5,0,0,0.45454545454545453,0.5019444444444444,0.5373059139499572,0.5373059139499572,0.5373059139499571
GMB,Gambia,africa,7.183204399114454,6.652101794829498,-0.531102604284956,0.44166666666666665,136,115,0.8333333333333334,0.5959027777777779,,0.46805555555555556,0.6900400000000001,0.6345438888888889,0.6258928571428573,0.5943253968253969,0.6344444444444444,0.5789814814814814,0.8333333333333334,7,0,0,0.5384615384615384,0.46805555555555556,0.566225492145417,0.5224950788749793,0.5549611922924582
GNB,Guinea-Bissau,africa,3.2815,6.524572541724149,3.2430725417241493,0.7503732303732303,151,207,0.6920513888888888,0.6401163538538538,0.647,0.5912433862433862,0.62103,0.578735462962963,0.21792857142857144,0.2647132275132275,0.7422222222222221,0.645432098765432,0.7222222222222221,10,0,0,0.625,0.45185185185185184,0.5391587680476584,0.5391587680476584,0.5391587680476584
GNQ,Equatorial Guinea,africa,1.621,6.61895965814333,4.99795965814333,0.749136400322841,140,243,0.7320791666666667,0.6718051318267421,0.638,0.5867222222222221,0.6352,0.5910319444444444,0.21664285714285716,0.2650198412698413,0.7833333333333334,0.675064814814815,0.7866666666666667,7,0,0,0.5384615384615384,0.4585277777777778,0.5508452719068008,0.5508452719068008,0.5508452719068008
GRC,Greece,europe,7.707015913274494,7.958705341610416,0.25168942833592123,0.7496130952380953,34,88,0.8049719135802469,0.7594903141322412,0.78575,0.7318374372541039,0.85018,0.786899007597341,0.6785714285714286,0.6622683489350156,0.5644444444444444,0.5753149730927508,0.9506172839506173,8,0,0,0.5714285714285714,0.5970560303893637,0.7220874461132957,0.7220874461132957,0.7220874461132957
GRD,Grenada,americas,7.644364872640552,7.231490277027076,-0.4128745956134763,0.4070512820512821,82,91,0.9333333333333332,0.6858119658119658,,0.5311111111111111,0.8293999999999999,0.7548277777777778,0.58,0.5555555555555556,0.8222222222222222,0.7251851851851852,0.9333333333333332,10,0,0,0.625,0.5311111111111111,0.6389714526712345,0.5959340863975194,0.6279291556903325
GRL,Greenland,americas,9.072263251300704,6.283887964158818,-2.7883752871418865,0.075,177,30,0.8888888888888888,0.5830034722222222,,0.48104166666666665,,0.48104166666666665,,0.48104166666666665,,0.48104166666666665,0.8888888888888888,3,0,0,0.3333333333333333,0.48104166666666665,0.5095997769917535,0.5095997769917535,0.5095997769917535
GTM,Guatemala,americas,6.676158843604172,6.826330950053368,0.15017210644919565,0.7506811332127789,121,135,0.6817223039215687,0.6371995191114422,0.5425,0.5231635154061625,0.6975499999999999,0.6418680759803921,0.5258214285714284,0.5156216036414565,0.5553846153846155,0.5285305115635999,0.6862745098039217,11,0,0,0.6470588235294118,0.47482230392156866,0.5775476506062,0.5741790913195594,0.5767036625679235
GUF,French Guiana,americas,9.133983953942202,6.43613538335849,-2.6978485705837123,0.08571428571428573,165,28,0.9166666666666667,0.6153439153439154,,0.4948148148148148,,0.4948148148148148,,0.4948148148148148,,0.4948148148148148,0.9166666666666666,4,0,0,0.4,0.4948148148148148,0.5282569979317228,0.5282569979317228,0.5282569979317228
GUM,Guam,oceania,5.881491257124079,5.6951545332462805,-0.18633672387779843,0.06,216,160,0.5,0.45999999999999996,,0.45,,0.45,,0.45,0.8000000000000002,0.45,0.5,2,0.5,0.125,0.25,0.45,0.4529769561576579,0.4529769561576579,0.43882142627773113
GUY,Guyana,americas,6.16213842762493,6.7955425075225735,0.6334040798976437,0.7506811332127789,122,152,0.7249129901960785,0.6761724838669646,0.52275,0.515796568627451,0.69792,0.6480432475490197,0.47503571428571434,0.4797111694677872,0.44333333333333336,0.46169321895424836,0.784313725490196,11,0,0,0.6470588235294118,0.4984129901960784,0.5728487666371076,0.5728487666371076,0.5728487666371076
HKG,Hong Kong,asia,7.691316646751986,6.464097021772472,-1.2272196249795142,0.21249999999999997,161,89,0.7681159420289854,0.5768291611769872,,0.4811857707509881,,0.4811857707509881,0.7340476190476192,0.6708321569734614,,0.4811857707509881,0.7681159420289854,6,0,0,0.5,0.4811857707509881,0.5340455125582478,0.5247203862237879,0.5316988083972386
HND,Honduras,americas,5.975975510374179,6.5836354940964465,0.6076599837222671,0.7506811332127789,145,157,0.6695085784313726,0.6296446543807398,0.48850000000000005,0.48728816526610647,0.6615,0.6171896446078431,0.43392857142857144,0.4439945728291317,0.5218181818181818,0.5092983140225787,0.7254901960784315,11,0,0,0.6470588235294118,0.48425857843137254,0.5464654654227287,0.5464654654227287,0.5464654654227287
HRV,Croatia,europe,7.82321328702867,8.151465817551884,0.3282525305232138,0.7496130952380953,22,79,0.8911844135802469,0.8268438297572412,0.85475,0.7811231515398182,0.89636,0.821534007597341,0.6715,0.6566112060778727,0.4477777777777778,0.49753719531497315,0.9506172839506173,8,0,0,0.5714285714285714,0.5970560303893637,0.7474993727083035,0.7474993727083035,0.7474993727083036
HTI,Haiti,americas,2.142,4.944119276293685,2.8021192762936855,0.7506811332127789,231,227,0.43037916666666665,0.41303755274261605,0.514,0.4670833333333334,0.43467999999999996,0.41345791666666665,0.22253571428571428,0.24798690476190477,0.5245454545454545,0.4662941919191919,0.16666666666666669,11,0.7352941176470589,0.47577854671280284,0.6470588235294118,0.34979166666666667,0.399449635840457,0.399449635840457,0.3519372440341742
HUN,Hungary,europe,7.232551712431882,7.9980996611222785,0.7655479486903962,0.7496130952380953,31,112,0.9067609567901236,0.8396569974922841,0.8160000000000001,0.7542857142857143,0.8441700000000001,0.7831275000000001,0.5533571428571429,0.5626857142857143,0.5199999999999999,0.5466666666666665,0.9753086419753086,8,0,0,0.5714285714285714,0.6,0.7272658278473714,0.7272658278473714,0.7272658278473715
IDN,Indonesia,asia,5.2473876852843,6.585759306688512,1.338371621404212,0.7500207039337474,144,188,0.7296236111111112,0.6731836956521741,0.724,0.6514285714285715,0.5230699999999999,0.5098024999999999,0.3914642857142857,0.40717142857142863,0.2723076923076923,0.33820512820512816,0.6777777777777778,9,0,0,0.6,0.47,0.5467285871522729,0.5467285871522729,0.5467285871522729
IMN,Isle of Man,europe,7.2700607533750095,6.332405325060622,-0.9376554283143879,0.0375,174,110,0.6666666666666666,0.5293402777777778,,0.5097222222222222,,0.5097222222222222,,0.5097222222222222,,0.5097222222222222,0.6666666666666666,1,0,0,0.14285714285714285,0.5097222222222222,0.5155300435688743,0.5155300435688743,0.5155300435688743
IND,India,asia,2.72125,5.9402964731829035,3.2190464731829036,0.7503732303732303,204,212,0.56335,0.5360941441441442,0.6635,0.5988690476190476,0.48756,0.47499291666666665,0.38503571428571426,0.39548690476190473,0.1290909090909091,0.23182449494949495,0.53125,10,0.0625,0.0390625,0.625,0.43729166666666663,0.47263780954974927,0.47263780954974927,0.468022205940865
IOT,British Indian Ocean Territory,asia,9.925181917084517,6.0273192176074115,-3.8978626994771055,0.0375,195,1,1,0.5267708333333334,,0.45916666666666667,,0.45916666666666667,,0.45916666666666667,,0.45916666666666667,1,1,0,0,0.14285714285714285,0.45916666666666667,0.47848217455147973,0.47848217455147973,0.47848217455147973
IRL,Ireland,europe,8.973053898827672,8.633112562525275,-0.3399413363023971,0.7496130952380953,5,32,0.9419125,0.8671191406250001,0.863,0.7878571428571428,0.93679,0.8525925,0.8340000000000001,0.7872000000000001,0.7222222222222222,0.6814814814814815,1,8,0,0,0.5714285714285714,0.6,0.811786774050246,0.811786774050246,0.811786774050246
IRN,Iran,middle_east,2.218,4.671973039568584,2.4539730395685844,0.7503732303732303,238,224,0.3128916666666667,0.31442860360360364,0.52325,0.46517857142857144,0.51353,0.46514750000000005,0.2799642857142857,0.2879714285714286,0.30333333333333334,0.30888888888888894,0.07291666666666666,10,0.78125,0.48828125,0.625,0.32,0.3694556531822327,0.35654719102509486,0.32148500954523146
IRQ,Iraq,middle_east,3.6864999999999997,4.595845646528042,0.9093456465280427,0.7500207039337474,239,203,0.33063055555555554,0.3304934782608696,0.35575,0.34839285714285717,0.50288,0.45966,0.2686071428571429,0.2808857142857143,0.25666666666666665,0.2811111111111111,0.18888888888888886,9,0.5666666666666667,0.33999999999999997,0.6,0.33,0.34349527720785655,0.33816461142855286,0.313071627572217
ISL,Iceland,europe,9.413472204885101,8.892239920982203,-0.5212322839028989,0.7496130952380953,1,17,0.9758992283950618,0.8936712721836421,0.9295,0.8353571428571429,0.91408,0.83556,0.9009285714285715,0.8407428571428571,0.8611111111111112,0.7740740740740741,0.9876543209876544,8,0,0,0.5714285714285714,0.6,0.8468269000174571,0.8468269000174571,0.8468269000174571
ISR,Israel,middle_east,7.976238773356273,6.532487079863936,-1.4437516934923371,0.749136400322841,150,71,0.4457981060606061,0.43638860212292424,0.66275,0.5885624098124097,0.64653,0.5856708585858587,0.7968214285714286,0.7180758297258297,0.7866666666666666,0.6588089225589225,0.5151515151515151,7,0,0,0.5384615384615384,0.40309343434343436,0.5600700723967312,0.4844930801048012,0.5401366786028949
ITA,Italy,europe,7.844411392258063,7.913824391194394,0.0694129989363308,0.7496130952380953,35,76,0.8013157407407407,0.7519805577813391,0.7675000000000001,0.7127238502238502,0.9266700000000001,0.838948368945869,0.7102857142857142,0.6833852665852664,0.44666666666666666,0.4897056030389364,0.8518518518518519,8,0,0,0.5714285714285714,0.5757834757834758,0.7161973380467661,0.7161973380467661,0.7161973380467661
JAM,Jamaica,americas,7.8107289627636405,7.359013440000685,-0.4517155227629557,0.7503732303732303,70,81,0.7545291666666667,0.7006519894894896,0.55375,0.5399206349206349,0.78018,0.7114718055555556,0.7589285714285715,0.7082123015873016,0.7615384615384616,0.6761413817663818,0.8229166666666666,10,0,0,0.625,0.5053472222222222,0.6571931071923899,0.6068893612195848,0.6442391764886932
JEY,Jersey,europe,5.5,6.205096827573794,0.7050968275737937,0,181,166,,0.5,,0.5,,0.5,,0.5,,0.5,,0,0,0,0,0.5,0.5,0.5,0.49999999999999994
JOR,Jordan,middle_east,7.619937418280528,7.3909772112753345,-0.22896020700519326,0.7500207039337474,66,92,0.7031861111111111,0.6459717391304348,0.71875,0.6391071428571429,0.77399,0.6904925,0.652357142857143,0.6098857142857144,0.7933333333333332,0.6755555555555555,0.6777777777777777,9,0,0,0.6,0.44,0.6501935285074374,0.6428150623546453,0.648341009756386
JPN,Japan,asia,8.24602996630089,8.181134628286518,-0.06489533801437197,0.7496130952380953,21,63,0.917359413580247,0.8319805485072412,0.9319999999999999,0.8163017229683897,0.85904,0.7760440075973409,0.8799285714285714,0.8093540632207299,0.3027272727272727,0.377503525281303,0.9506172839506173,8,0,0,0.5714285714285714,0.5270560303893637,0.7514269792428426,0.7514269792428426,0.7514269792428426
KAZ,Kazakhstan,asia,3.9295,7.164510016490827,3.2350100164908273,0.7496130952380953,87,200,0.7899695987654322,0.7307122414381528,0.67725,0.6320582349749017,0.83334,0.7547747056030389,0.36692857142857144,0.39735862162528834,0.4455555555555556,0.47006331117442235,0.9135802469135803,8,0,0,0.5714285714285714,0.5190788224121557,0.6193978414305431,0.6193978414305431,0.6193978414305431
KEN,Kenya,africa,6.286934351189038,6.47041460411616,0.18348025292712133,0.7500207039337474,160,149,0.6103847222222223,0.5673663043478262,0.59025,0.5394642857142857,0.52018,0.49326000000000003,0.5368571428571428,0.5119857142857143,0.5836363636363636,0.526590909090909,0.5555555555555555,9,0,0,0.6,0.4125,0.5324770918907866,0.5324770918907866,0.5324770918907866
KGZ,Kyrgyzstan,asia,5.41417211058186,6.666271225949444,1.2520991153675842,0.43666666666666665,133,183,0.85,0.6145454545454546,,0.4968181818181818,0.7758800000000001,0.7061145454545457,0.4024285714285714,0.4213064935064935,0.57,0.5456060606060605,0.85,6,0,0,0.5,0.4968181818181818,0.559458976626153,0.5485945139859612,0.556722854171853
KHM,Cambodia,asia,1.9180000000000001,6.401230772136164,4.483230772136164,0.7503732303732303,171,237,0.6552530303030303,0.6103716762216762,0.706,0.6321933621933622,0.72634,0.6566741919191919,0.18957142857142856,0.24119249639249637,0.41,0.4225589225589226,0.5757575757575758,10,0,0,0.625,0.4476767676767677,0.523967175288425,0.523967175288425,0.523967175288425
KIR,Kiribati,oceania,7.0334290686000465,7.299230787128737,0.2658017185286905,0.40075757575757576,76,121,1,0.7185314685314685,,0.5576923076923077,0.73481,0.690530576923077,0.53,0.5438461538461539,0.7772727272727273,0.7040792540792541,1,8,0,0,0.5714285714285714,0.5576923076923077,0.6404018064520713,0.6252592570823204,0.6365821311237728
KNA,Saint Kitts and Nevis,americas,7.8069257401709855,7.118770003516881,-0.6881557366541049,0.39166666666666666,91,82,0.9365079365079365,0.6543915343915344,,0.5133333333333333,0.87059,0.7812758333333333,0.58,0.5466666666666666,0.8333333333333333,0.7266666666666666,0.9365079365079365,6,0,0,0.5,0.5133333333333333,0.6276303831166701,0.5733106283544502,0.6135860365066697
KOR,South Korea,asia,7.86471390941849,7.973410850928994,0.10869694151050435,0.7478911564625851,33,74,0.8412250000000001,0.7685520408163266,0.8787499999999999,0.7755357142857143,0.84278,0.76146,0.8545,0.7871,0.35111111111111115,0.40657407407407414,1,5,0,0,0.45454545454545453,0.5175,0.7240195756041515,0.7240195756041515,0.7240195756041516
KWT,Kuwait,middle_east,7.356590136106319,7.401389543547612,0.044799407441293404,0.7500207039337474,63,104,0.6953805555555556,0.6355152173913043,0.82675,0.7105357142857143,0.80481,0.7086075000000001,0.5838571428571429,0.5510857142857143,0.6855555555555556,0.597037037037037,0.5888888888888888,9,0,0,0.6,0.42,0.6496783784325862,0.6496783784325862,0.6496783784325862
LAO,Laos,asia,5.574433415000287,6.96481122738576,1.3903778123854726,0.7500207039337474,108,164,0.766940994623656,0.7076305399719496,0.728,0.6611751152073733,0.71784,0.6619082258064517,0.3294642857142857,0.3623940092165899,0.4355555555555556,0.45507467144563923,0.7849462365591399,9,0,0,0.6,0.4941129032258065,0.594108914322953,0.594108914322953,0.594108914322953
LBN,Lebanon,middle_east,2.301047619047619,5.154518558329426,2.8534709392818067,0.7500207039337474,229,223,0.37761666666666666,0.36617826086956523,0.54625,0.4830357142857143,0.53566,0.482995,0.2601428571428571,0.2731142857142857,0.7833333333333334,0.6305555555555556,0.16666666666666666,9,0.6333333333333333,0.37999999999999995,0.6,0.325,0.41909753179480314,0.40420634594921967,0.37586829025414836
LBR,Liberia,africa,5.421961136360875,6.656122626884901,1.2341614905240261,0.7500207039337474,134,182,0.748175,0.687158695652174,0.63975,0.5905357142857144,0.57234,0.54613,0.33364285714285713,0.3604142857142857,0.5136363636363637,0.4982575757575758,0.7999999999999999,9,0,0,0.6,0.4675,0.5554609765081466,0.5554609765081466,0.5554609765081466
LBY,Libya,africa,2.05,4.98090049207932,2.93090049207932,0.7500207039337474,230,231,0.3637375,0.354229347826087,0.46125000000000005,0.42089285714285724,0.77678,0.662585,0.15649999999999997,0.18919999999999998,0.79,0.6333333333333334,0.09999999999999999,9,0.7,0.42,0.6,0.32,0.4043691127710033,0.37900627613770893,0.3560968378151683
LCA,Saint Lucia,americas,7.47451067289872,7.119309485803064,-0.3552011870956564,0.39666666666666667,90,99,0.9420289855072465,0.6678710748792271,,0.5202475845410628,0.82162,0.7462768961352657,0.55,0.5351237922705314,0.8055555555555556,0.7104528985507246,0.9420289855072465,7,0,0,0.5384615384615384,0.5202475845410628,0.6243986796500858,0.5825186214292627,0.61365451694412
LIE,Liechtenstein,europe,8.732293002147358,7.770294985938516,-0.9619980162088417,0.3840909090909091,42,45,0.9733333333333333,0.7357575757575756,,0.6,0.95,0.8333333333333334,0.8300000000000001,0.7150000000000001,0.7511111111111111,0.7007407407407408,0.9733333333333333,8,0,0,0.5714285714285714,0.6,0.7102702578147522,0.6602821066861169,0.6974291638478414
LKA,Sri Lanka,asia,7.416114243033743,7.312171426647728,-0.10394281638601477,0.7500207039337474,75,102,0.7002284946236559,0.6554207573632539,0.6395,0.5979608294930875,0.78109,0.7093457258064516,0.6291071428571429,0.6021082949308756,0.73,0.6513709677419355,0.7849462365591396,9,0,0,0.6,0.4941129032258064,0.6421402073283152,0.6266729042047499,0.6382379547577086
LSO,Lesotho,africa,7.040704995058757,7.04535802599093,0.004653030932172619,0.7503732303732303,98,120,0.6982583333333333,0.6474337087087088,0.575,0.5430555555555555,0.7403,0.6710236111111111,0.5478928571428572,0.5309531746031746,0.79,0.6810648148148148,0.7708333333333333,10,0,0,0.625,0.46319444444444446,0.6088278290576364,0.5908484391856756,0.6042823295394053
LTU,Lithuania,europe,8.266964894776333,8.261958690152847,-0.005006204623485999,0.7496130952380953,18,61,0.8680375,0.809404296875,0.81175,0.75125,0.90054,0.825405,0.7528214285714286,0.7222571428571429,0.6144444444444445,0.6096296296296296,1,8,0,0,0.5714285714285714,0.6,0.7621484583765569,0.7621484583765569,0.7621484583765568
LUX,Luxembourg,europe,9.365006044628892,7.901035309498201,-1.4639707351306912,0.44166666666666665,36,19,0.9710144927536232,0.7273626207729469,,0.5961654589371981,0.9400200000000001,0.8540563647342996,0.9349285714285714,0.8671759489302968,0.8211111111111111,0.7461292270531401,0.9710144927536232,7,0,0,0.5384615384615384,0.5961654589371981,0.7356339969462189,0.6547478306605186,0.7145207753752305
LVA,Latvia,europe,8.696505482643477,8.441568365855584,-0.2549371167878931,0.7496130952380953,13,47,0.8950374999999999,0.830498046875,0.81475,0.7533928571428571,0.93945,0.8545875,0.8782499999999999,0.8225999999999999,0.5788888888888889,0.5859259259259259,1,8,0,0,0.5714285714285714,0.6,0.7860874155548088,0.7860874155548088,0.7860874155548087
MAC,Macao,asia,7.811457748905331,6.267247218105594,-1.5442105307997371,0.08571428571428573,180,80,0.8222222222222222,0.5778659611992946,,0.4801234567901234,,0.4801234567901234,,0.4801234567901234,,0.4801234567901234,0.8222222222222222,4,0,0,0.4,0.4801234567901234,0.5075691069401519,0.5075691069401519,0.5075691069401519
MAF,Saint Martin,americas,9.850725625667748,6.0273192176074115,-3.823406408060336,0.0375,195,6,1,0.5267708333333334,,0.45916666666666667,,0.45916666666666667,,0.45916666666666667,,0.45916666666666667,1,1,0,0,0.14285714285714285,0.45916666666666667,0.47848217455147973,0.47848217455147973,0.47848217455147973
MAR,Morocco,africa,6.51424280472411,7.029493876279101,0.5152510715549914,0.7500207039337474,101,143,0.6984055555555555,0.6427739130434782,0.686,0.6164285714285714,0.76557,0.6848025,0.45825,0.4551,0.6045454545454545,0.5505303030303029,0.6888888888888888,9,0,0,0.6,0.4425,0.6022757518556338,0.6022757518556338,0.6022757518556339
MCO,Monaco,europe,9.62275,7.45925503443124,-2.16349496556876,0.2090909090909091,58,15,0.9199999999999998,0.7102937062937061,,0.5904615384615384,0.9865,0.7884807692307692,,0.5904615384615384,,0.5904615384615384,0.9199999999999998,8,0,0,0.5714285714285714,0.5904615384615384,0.661280045681167,0.644800899257253,0.6571211901305269
MDA,Moldova,europe,7.463583604150932,7.441368620574718,-0.02221498357621421,0.7503732303732303,59,100,0.7061083333333333,0.6673251501501501,0.71875,0.6638888888888889,0.76095,0.7023965277777777,0.6288928571428571,0.6084615079365079,0.6066666666666667,0.5800231481481481,0.6145833333333334,10,0,0,0.625,0.5267361111111111,0.6548186922184221,0.6548186922184221,0.6548186922184221
MDG,Madagascar,africa,2.9979999999999998,6.4867051351772735,3.4887051351772738,0.7500207039337474,157,210,0.7673736111111111,0.7010967391304349,0.66325,0.6058928571428571,0.63344,0.590705,0.20360714285714285,0.25538571428571427,0.4123076923076923,0.42903846153846154,0.7777777777777776,9,0,0,0.6,0.46249999999999997,0.5344850773878995,0.5344850773878995,0.5344850773878995
MDV,Maldives,asia,8.057090363926147,7.040208669540728,-1.0168816943854182,0.44916666666666666,99,68,0.788888888888889,0.6052083333333333,,0.495,0.9091400000000001,0.8056050000000001,0.6640357142857143,0.6302285714285715,0.85,0.7316666666666666,0.7888888888888889,9,0,0,0.6,0.495,0.6248895187634599,0.5440966039555123,0.6036308593428122
MEX,Mexico,americas,5.126759869971664,6.160518074796556,1.033758204824892,0.7500207039337474,188,190,0.6091930555555556,0.5794771739130435,0.46675,0.46839285714285717,0.54111,0.5239575,0.4575714285714286,0.46055714285714283,0.2877777777777778,0.34935185185185186,0.6888888888888889,9,0,0,0.6,0.4725,0.4945856499755356,0.4945856499755356,0.49458564997553556
MHL,Marshall Islands,oceania,7.588816604514721,7.258276763804001,-0.3305398407107205,0.39666666666666667,79,95,0.9487179487179488,0.6840998931623933,,0.5416132478632479,0.85007,0.772955811965812,0.58,0.560806623931624,0.7444444444444445,0.6768340455840457,0.9487179487179488,7,0,0,0.5384615384615384,0.5416132478632479,0.6411494878075038,0.602832716969107,0.6313478099860321
MKD,North Macedonia,europe,5.625024490103078,7.740031986451504,2.1150074963484258,0.7485714285714286,43,163,0.8617375,0.8025635101010101,0.77125,0.7210227272727272,0.86448,0.7972236363636365,0.36996428571428575,0.41506233766233774,0.6972727272727273,0.6633333333333333,1,6,0,0,0.5,0.5954545454545455,0.6934853263365807,0.6934853263365807,0.6934853263365806
MLI,Mali,africa,2.439047619047619,4.372435780739503,1.9333881616918838,0.7503732303732303,244,218,0.29368333333333335,0.29937342342342343,0.36524999999999996,0.35232142857142856,0.36840000000000006,0.35630000000000006,0.3448928571428571,0.3399142857142857,0.41,0.37999999999999995,0.05208333333333333,10,0.84375,0.52734375,0.625,0.32,0.33701224000765195,0.3192866177770546,0.2886564320535505
MLT,Malta,europe,8.389892664105579,7.8221214170351985,-0.5677712470703806,0.44916666666666666,39,58,1,0.7499999999999999,,0.6,0.89073,0.8180475,0.7123571428571428,0.6898857142857142,0.9055555555555556,0.8037037037037037,1,9,0,0,0.6,0.6,0.7176919346872221,0.6652043711409434,0.7041940040328104
MMR,Myanmar,asia,1.837,4.820460634663258,2.983460634663258,0.7496130952380953,234,240,0.37610737179487175,0.37279529940212025,0.44725000000000004,0.42259756269371657,0.45868999999999993,0.43425911735700196,0.18360714285714286,0.21907900817131587,0.3163636363636363,0.3312312473850935,0.17948717948717946,8,0.46153846153846156,0.26373626373626374,0.5714285714285714,0.36096646942800786,0.36188943898199366,0.36188943898199366,0.33802859685131276
MNE,Montenegro,europe,7.858404847005997,8.03102697202957,0.17262212502357333,0.7500207039337474,29,75,0.8430841954022988,0.7902398050974514,0.707,0.6764285714285714,0.88384,0.8128799999999999,0.6495357142857143,0.6396285714285714,0.758888888888889,0.705925925925926,0.9540229885057472,9,0,0,0.6,0.6,0.7322401451870325,0.7296832098620326,0.7316000725853863
MNG,Mongolia,asia,6.549613357760057,7.396053748854346,0.8464403910942888,0.7496130952380953,64,141,0.8479586419753087,0.7771795242758784,0.6395,0.6066134174467507,0.8381399999999999,0.7597042402659068,0.46321428571428575,0.4754508207841542,0.5188888888888888,0.5207249129471352,0.9382716049382717,8,0,0,0.5714285714285714,0.5243969610636278,0.6489929721982142,0.6489929721982142,0.6489929721982142
MNP,Northern Mariana Islands,oceania,6.175,5.78939212004258,-0.3856078799574201,0,208,151,,0.45,,0.45,,0.45,,0.45,0.7500000000000001,0.45,,0,0,0,0,0.45,0.45,0.45,0.45000000000000007
MOZ,Mozambique,africa,4.826215988773032,5.988858044410319,1.1626420556372876,0.7500207039337474,199,193,0.6156166666666667,0.5720043478260871,0.55275,0.5133928571428571,0.43764000000000003,0.43198000000000003,0.32817857142857143,0.34554285714285715,0.4315384615384615,0.42602564102564094,0.5666666666666667,9,0,0,0.6,0.41500000000000004,0.4738532289351715,0.4738532289351715,0.4738532289351715
MRT,Mauritania,africa,2.5795000000000003,5.947876336199097,3.3683763361990966,0.7500207039337474,203,215,0.5440194444444444,0.5083630434782609,0.555,0.505,0.6818900000000001,0.6064175,0.24521428571428572,0.27217142857142856,0.46222222222222226,0.4348148148148148,0.4111111111111111,9,0.03333333333333333,0.02,0.6,0.38,0.471287796369279,0.471287796369279,0.4689313573874325
MSR,Montserrat,americas,9.142804912549444,6.72522285575677,-2.417582056792674,0.09999999999999999,128,27,0.9824561403508772,0.6755555555555556,,0.5221052631578947,,0.5221052631578947,,0.5221052631578947,,0.5221052631578947,0.9824561403508772,6,0,0,0.5,0.5221052631578947,0.5640647636463737,0.5640647636463737,0.5640647636463737
MTQ,Martinique,americas,9.150610806720243,6.5095685359828765,-2.6410422707373664,0.09375,153,25,0.9111111111111111,0.6298090277777777,,0.5019444444444444,,0.5019444444444444,,0.5019444444444444,,0.5019444444444444,0.9111111111111111,5,0,0,0.45454545454545453,0.5019444444444444,0.5373059139499572,0.5373059139499572,0.5373059139499571
MUS,Mauritius,africa,8.087720913934524,7.840814548897814,-0.24690636503670937,0.7496130952380953,37,67,0.851816512345679,0.7701409570127018,0.7235,0.6534835843169178,0.81264,0.729090636277303,0.6921785714285714,0.6494313661646995,0.8222222222222222,0.7076289965178854,0.8641975308641975,8,0,0,0.5714285714285714,0.4784425451092118,0.706637355181112,0.706637355181112,0.706637355181112
MWI,Malawi,africa,6.582150781032763,7.08284139948789,0.5006906184551267,0.7503732303732303,95,138,0.7353083333333335,0.676472897897898,0.6875,0.6234126984126984,0.65928,0.6102586111111111,0.5251785714285715,0.5127817460317461,0.5790909090909091,0.5404587542087542,0.7708333333333333,10,0,0,0.625,0.46319444444444446,0.6090289735341134,0.6090289735341134,0.6090289735341134
MYS,Malaysia,asia,7.301198724578193,7.656848875539029,0.35565015096083563,0.7500207039337474,47,107,0.8807444444444446,0.8028652173913045,0.727,0.6685714285714285,0.79823,0.7292974999999999,0.5776428571428571,0.5666142857142857,0.5072727272727273,0.5123484848484848,0.9111111111111111,9,0,0,0.6,0.5225,0.6826692874342036,0.6826692874342036,0.6826692874342036
MYT,Mayotte,africa,8.61953272607165,6.139473270298334,-2.4800594557733167,0.08571428571428573,189,50,0.8787878787878789,0.578884078884079,,0.45892255892255895,,0.45892255892255895,,0.45892255892255895,0.8000000000000002,0.45892255892255895,0.8787878787878788,4,0,0,0.4,0.45892255892255895,0.4920339458397765,0.4920339458397765,0.4920339458397765
NAM,Namibia,africa,7.660201466331744,7.382126161345964,-0.27807530498578004,0.7496130952380953,68,90,0.772138425925926,0.7055657663372508,0.624,0.5793732193732194,0.75755,0.6851140669515668,0.7558928571428571,0.6982755392755393,0.6009090909090908,0.5565414832081498,0.8148148148148148,8,0,0,0.5714285714285714,0.46780626780626783,0.6510393064158728,0.6358355840778506,0.6472046287999826
NCL,New Caledonia,oceania,7.3497566188092724,6.30711177648747,-1.0426448423218027,0.09375,176,105,0.7333333333333332,0.5666145833333333,,0.49083333333333334,,0.49083333333333334,,0.49083333333333334,0.9,0.49083333333333334,0.7333333333333332,5,0,0,0.45454545454545453,0.49083333333333334,0.5124366206888276,0.5124366206888276,0.5124366206888276
NER,Niger,africa,2.3935400000000002,4.866099971218576,2.4725599712185757,0.7503732303732303,233,221,0.37009583333333335,0.3592643018018018,0.5375,0.47535714285714287,0.29677000000000003,0.30257750000000005,0.4277142857142857,0.4061714285714285,0.5690909090909091,0.4860606060606061,0.11458333333333333,10,0.78125,0.48828125,0.625,0.32,0.3908606948907654,0.3908606948907654,0.3431482077214825
NFK,Norfolk Island,oceania,5.5,5.78939212004258,0.28939212004257975,0,208,166,,0.45,,0.45,,0.45,,0.45,,0.45,,0,0,0,0,0.45,0.45,0.45,0.45000000000000007
NGA,Nigeria,africa,4.173580196074353,5.242465781088459,1.0688855850141064,0.7500207039337474,227,196,0.4703694444444444,0.45072391304347825,0.48575,0.45553571428571427,0.25026000000000004,0.28269500000000003,0.28375000000000006,0.30300000000000005,0.4869230769230769,0.4512820512820513,0.41111111111111115,9,0.03333333333333333,0.02,0.6,0.38,0.3879078904766324,0.3879078904766324,0.3859683510242492
NIC,Nicaragua,americas,1.108,5.9975147028273215,4.889514702827322,0.7503732303732303,198,248,0.6709791666666667,0.6304371246246246,0.52975,0.5165277777777778,0.7245199999999999,0.6642580555555555,0.069,0.15189444444444444,0.4555555555555556,0.4648611111111111,0.7291666666666666,10,0,0,0.625,0.4834722222222222,0.4748942655243857,0.4748942655243857,0.47489426552438574
NIU,Niue,oceania,9.483767114622752,6.908968698372365,-2.5747984162503874,0.09999999999999999,113,16,1,0.6969696969696969,,0.5454545454545454,,0.5454545454545454,,0.5454545454545454,,0.5454545454545454,1,6,0,0,0.5,0.5454545454545454,0.587077132754496,0.587077132754496,0.587077132754496
NLD,Netherlands,europe,8.088908060840236,8.060579555109296,-0.028328505730939924,0.749136400322841,27,66,0.8164722826086956,0.7614104089904201,0.87025,0.7834860248447205,0.89339,0.8116865217391305,0.8548928571428571,0.79722950310559,0.33444444444444443,0.41182165861513687,0.8260869565217391,7,0,0,0.5384615384615384,0.5665760869565217,0.7354946974566926,0.7354946974566926,0.7354946974566926
NOR,Norway,europe,8.732570046058754,8.54030174300254,-0.19226830305621334,0.7496130952380953,9,44,0.8688742283950617,0.810057990933642,0.92475,0.8319642857142856,0.90535,0.8290125,0.9179999999999999,0.8543999999999998,0.5766666666666665,0.5844444444444443,0.9876543209876544,8,0,0,0.5714285714285714,0.6,0.7993127291920203,0.7993127291920203,0.7993127291920203
NPL,Nepal,asia,6.592930786722166,6.982684218433396,0.3897534317112301,0.7503732303732303,106,136,0.7200333333333333,0.6694105105105105,0.61475,0.577936507936508,0.72291,0.6636581944444444,0.49846428571428575,0.49595198412698416,0.4854545454545454,0.4856039562289562,0.7395833333333333,10,0,0,0.625,0.48590277777777774,0.5963632174374796,0.5963632174374796,0.5963632174374796
NRU,Nauru,oceania,7.767026395141973,7.377317621342992,-0.38970877379898106,0.40075757575757576,69,84,0.96,0.6985034965034964,,0.549076923076923,0.88503,0.8010417307692308,0.53,0.5395384615384615,0.9090909090909091,0.7890862470862471,0.96,8,0,0,0.5714285714285714,0.549076923076923,0.6582724967812649,0.6127621378394936,0.6465874388138967
NZL,New Zealand,oceania,8.86061513010226,8.43237565971225,-0.428239470390011,0.749136400322841,14,38,0.9442,0.8578014124293786,0.8514999999999999,0.7659523809523809,0.8453700000000001,0.7720483333333334,0.9249642857142857,0.8503880952380951,0.6022222222222222,0.5855092592592593,1,7,0,0,0.5384615384615384,0.5520833333333334,0.7848584171457507,0.7848584171457507,0.7848584171457507
OMN,Oman,middle_east,7.208024458358499,7.502840650065485,0.29481619170698625,0.7500207039337474,55,114,0.7350472222222222,0.6747108695652175,0.78425,0.6908928571428571,0.8006300000000001,0.7148475000000001,0.6181785714285715,0.5860428571428572,0.648888888888889,0.5850925925925926,0.7555555555555554,9,0,0,0.6,0.4575,0.6627390101003732,0.6627390101003732,0.6627390101003732
PAK,Pakistan,asia,3.993625,5.480435281574558,1.486810281574558,0.7503732303732303,224,199,0.4605666666666666,0.4513300300300299,0.55825,0.5181349206349207,0.39139999999999997,0.39801180555555554,0.29453571428571423,0.31919801587301583,0.24545454545454545,0.302918771043771,0.4479166666666666,10,0.03125,0.01953125,0.625,0.4178472222222222,0.4156040987948746,0.4156040987948746,0.41357478190622776
PAN,Panama,americas,7.176869499814034,7.297324939215932,0.12045543940189862,0.7503732303732303,77,116,0.7700166666666667,0.7127908408408409,0.5905,0.5661706349206349,0.7570300000000001,0.6941093055555556,0.55925,0.5484694444444445,0.7381818181818182,0.6605702861952861,0.8229166666666667,10,0,0,0.625,0.5053472222222222,0.6386689618106252,0.6293973959442334,0.6363383440875644
PCN,Pitcairn,oceania,9.925181917084517,6.187280920464224,-3.7379009966202927,0.0375,186,1,1,0.5442708333333334,,0.4791666666666667,,0.4791666666666667,,0.4791666666666667,,0.4791666666666667,1,1,0,0,0.14285714285714285,0.4791666666666667,0.49783466918230546,0.49783466918230546,0.4978346691823055
PER,Peru,americas,6.485517961445645,6.898312308180794,0.4127943467351498,0.7500207039337474,114,144,0.6932888888888888,0.6469217391304348,0.56775,0.5426785714285715,0.7646900000000001,0.6935175000000001,0.5216071428571428,0.5132857142857142,0.4463636363636364,0.4575757575757576,0.7222222222222222,9,0,0,0.6,0.48,0.5857372637491868,0.5857372637491868,0.5857372637491868
PHL,Philippines,asia,5.157732289700515,6.190031376057,1.0322990863564847,0.7500207039337474,185,189,0.6212611111111112,0.5834869565217393,0.6,0.5564285714285714,0.52495,0.5055875000000001,0.3705357142857143,0.38592857142857145,0.2784615384615384,0.3348076923076923,0.5777777777777777,9,0,0,0.6,0.4475,0.4981688284549434,0.4981688284549434,0.4981688284549434
PLW,Palau,oceania,7.842950837893025,7.41706251821115,-0.42588831968187524,0.40075757575757576,62,77,0.9753086419753088,0.7061685228351895,,0.5523741690408357,0.89734,0.811098542260209,0.55,0.5511870845204179,0.8772727272727273,0.7689732078620968,0.9753086419753086,8,0,0,0.5714285714285714,0.5523741690408357,0.6634856690794563,0.6175559371358531,0.651692518720832
PNG,Papua New Guinea,oceania,5.930831618816803,6.612050264380171,0.6812186455633684,0.7496130952380953,143,159,0.6490383620689655,0.6111850598889257,0.602,0.5659984842743463,0.55314,0.533853673740053,0.4543214285714285,0.45865608184918527,0.5418181818181819,0.519877019532192,0.6206896551724137,8,0,0,0.5714285714285714,0.4759946949602122,0.549988005988589,0.549988005988589,0.549988005988589
POL,Poland,europe,8.27783776033062,8.294223595751825,0.01638583542120564,0.7496130952380953,17,60,0.8845750000000001,0.8223242187500001,0.8225,0.7589285714285714,0.87422,0.805665,0.7943571428571429,0.7554857142857143,0.5822222222222222,0.5881481481481482,1,8,0,0,0.5714285714285714,0.6,0.7664373514318938,0.7664373514318938,0.7664373514318938
PRI,Puerto Rico,americas,8.9212621453341,6.0763249721361445,-2.8449371731979562,0.06,192,36,0.8333333333333333,0.5373333333333333,,0.4633333333333333,,0.4633333333333333,,0.4633333333333333,,0.4633333333333333,0.8333333333333333,2,0,0,0.25,0.4633333333333333,0.4843938456693968,0.4843938456693968,0.48439384566939675
PRK,North Korea,asia,1.4455,5.48879683773013,4.04329683773013,0.747056277056277,223,245,0.40780000000000005,0.409310101010101,0.51,0.4826984126984127,0.77297,0.6833386111111112,0.1921785714285714,0.23663174603174603,0.45,0.4381481481481482,0.4,4,0.5333333333333333,0.21333333333333335,0.4,0.41444444444444445,0.4382631418352476,0.43684057366565027,0.41455202255233903
PRT,Portugal,europe,8.620845417050084,8.486048602150293,-0.13479681489979178,0.7500207039337474,11,49,0.9237466954022988,0.8533669790104949,0.8634999999999999,0.7882142857142858,0.91642,0.837315,0.7745357142857143,0.7396285714285715,0.6533333333333333,0.6355555555555555,0.9540229885057472,9,0,0,0.6,0.6,0.7920397968877995,0.7920397968877995,0.7920397968877994
PRY,Paraguay,americas,5.938384663322421,7.055803816639627,1.117419153317206,0.7503732303732303,97,158,0.7615083333333333,0.7066476726726727,0.63025,0.5952579365079365,0.76753,0.7025919444444445,0.35967857142857146,0.38929841269841275,0.6066666666666667,0.5737037037037037,0.8333333333333334,10,0,0,0.625,0.5077777777777778,0.6056043305293586,0.6056043305293586,0.6056043305293586
PSE,Palestine,middle_east,2.47,5.631403866240488,3.1614038662404877,0.7324697336561743,218,216,0.43516780303030306,0.4165132982366033,0.55775,0.4985371572871573,0.3350000000000001,0.3401683501683503,0.5872142857142857,0.5398724386724386,0.9111111111111112,0.7242424242424242,0.25757575757575757,7,0.4090909090909091,0.2202797202797203,0.5384615384615384,0.35050505050505054,0.4597099408887303,0.4467236811917068,0.43129292573525513
PYF,French Polynesia,oceania,9.629497543781325,6.8311392881922925,-2.798358255589032,0.09375,120,14,1,0.6820312499999999,,0.5375,,0.5375,,0.5375,,0.5375,1,5,0,0,0.45454545454545453,0.5375,0.5773061848251498,0.5773061848251498,0.5773061848251498
QAT,Qatar,middle_east,7.588856334269246,7.783541427185295,0.19468509291604885,0.7500207039337474,41,94,0.7333333333333334,0.6673913043478262,0.89025,0.75875,0.81829,0.7212175,0.6710714285714285,0.6228571428571429,0.8833333333333333,0.7322222222222222,0.6333333333333333,9,0,0,0.6,0.43,0.6991569003448384,0.6991569003448384,0.6991569003448385
REU,Reunion,africa,9.190440546687723,6.044168572541083,-3.1462719741466403,0.06,193,22,1,0.5599999999999999,,0.45,,0.45,,0.45,0.9,0.45,1,2,0,0,0.25,0.45,0.48051302876282026,0.48051302876282026,0.4805130287628203
ROU,Romania,europe,7.3908556580513265,7.99484560439914,0.6039899463478138,0.7496130952380953,32,103,0.87925,0.8181640625000001,0.81375,0.7526785714285714,0.84973,0.7872975,0.5761428571428571,0.5809142857142857,0.5355555555555556,0.5570370370370371,1,8,0,0,0.5714285714285714,0.6,0.7268377879590433,0.7268377879590433,0.7268377879590433
RUS,Russia,europe,2.042,4.820127790945341,2.778127790945341,0.7500207039337474,235,232,0.24557638888888889,0.2824076086956522,0.5405,0.5046428571428571,0.58402,0.5417649999999999,0.3145357142857143,0.33462857142857144,0.3899999999999999,0.39833333333333326,0.1222222222222222,9,0.7,0.42,0.6,0.415,0.3948937475759962,0.3302853206701789,0.3379913194217966
RWA,Rwanda,africa,6.207430690511994,7.030511543888504,0.8230808533765099,0.7500207039337474,100,150,0.7123388888888889,0.655308695652174,0.64825,0.5916071428571429,0.65247,0.6018525,0.5070357142857143,0.4956285714285714,0.7609090909090909,0.6572727272727272,0.7222222222222222,9,0,0,0.6,0.45,0.602404429506149,0.602404429506149,0.602404429506149
SAU,Saudi Arabia,middle_east,6.147061033812578,6.8709728532482375,0.7239118194356591,0.7496130952380953,118,154,0.5911531609195403,0.5544831903459329,0.71575,0.632255431350259,0.7716,0.6845797524314765,0.5386785714285715,0.5156466590880384,0.5922222222222222,0.5359878180567835,0.6091954022988505,8,0.06896551724137931,0.03940886699507389,0.5714285714285714,0.4235190097259063,0.5891729383061071,0.584880045165078,0.5823027132096775
SDN,Sudan,africa,2.148,4.52398639721731,2.3759863972173103,0.7500207039337474,241,226,0.3049027777777778,0.3081847826086957,0.4375,0.40392857142857147,0.39316,0.37487000000000004,0.22153571428571428,0.24122857142857143,0.4790909090909092,0.4260606060606061,0.14444444444444443,9,0.7,0.42,0.6,0.32,0.3414342528659658,0.3396037592767494,0.30517325736553635
SEN,Senegal,africa,6.942564986483736,7.1682959191020155,0.22573093261827903,0.7503732303732303,85,125,0.7608458333333333,0.6964887762762763,0.7065,0.6369841269841271,0.6981499999999999,0.639411111111111,0.5894642857142857,0.5642103174603175,0.4644444444444445,0.46402777777777776,0.7708333333333334,10,0.03125,0.01953125,0.625,0.46319444444444446,0.6229210062532803,0.6229210062532803,0.6198793997774342
SGP,Singapore,asia,9.203637910378733,8.691617234998482,-0.512020675380251,0.7496130952380953,3,21,0.9165625000000001,0.8336846454326924,0.925,0.8143406593406594,0.8584700000000001,0.7782755769230769,0.9513214285714285,0.8685956043956043,0.9388888888888889,0.8051566951566951,1,8,0,0,0.5714285714285714,0.5376923076923077,0.819670747168836,0.819670747168836,0.819670747168836
SGS,South Georgia,other,5.5,5.78939212004258,0.28939212004257975,0,208,166,,0.45,,0.45,,0.45,,0.45,,0.45,,0,0,0,0,0.45,0.45,0.45,0.45000000000000007
SHN,Saint Helena,africa,5.5,5.363850889837995,-0.13614911016200537,0,225,166,,0.4,,0.4,,0.4,,0.4,,0.4,,0,0,0,0,0.4,0.39999999999999997,0.39999999999999997,0.39999999999999997
SJM,Svalbard and Jan Mayen,europe,9.925181917084517,6.581298157411255,-3.343883759673262,0.0375,146,1,1,0.5880208333333334,,0.5291666666666667,,0.5291666666666667,,0.5291666666666667,,0.5291666666666667,1,1,0,0,0.14285714285714285,0.5291666666666667,0.546175920682485,0.546175920682485,0.546175920682485
SLB,Solomon Islands,oceania,6.990906349750096,7.096164391717599,0.10525804196750244,0.44575757575757574,94,123,0.8850574712643677,0.6609798247729283,,0.5329354553492485,0.7884,0.724533863837312,0.529,0.5297870910698498,0.7409090909090909,0.6715845457224767,0.8850574712643677,8,0,0,0.5714285714285714,0.5329354553492485,0.6181048161235162,0.5890829526840499,0.610717984564024
SLE,Sierra Leone,africa,6.305071301200088,6.971911968038777,0.6668406668386888,0.7500207039337474,107,148,0.7842545698924732,0.715184502103787,0.689,0.6254377880184332,0.54595,0.5260955645161292,0.4993571428571429,0.4927921658986175,0.5366666666666667,0.5132885304659499,0.7956989247311828,9,0,0,0.6,0.46653225806451615,0.5950043092187929,0.5950043092187929,0.5950043092187929
SLV,El Salvador,americas,2.107,6.627418656840243,4.520418656840243,0.7503732303732303,139,230,0.6908073232323233,0.6499593661843663,0.488,0.49196729196729194,0.7888,0.7170713804713804,0.3150357142857143,0.35240567580567583,0.5333333333333333,0.5228507295173962,0.8080808080808081,10,0,0,0.625,0.5018855218855218,0.5518951827864089,0.5518951827864089,0.5518951827864089
SMR,San Marino,europe,9.7617,7.473983753162371,-2.287716246837628,0.20500000000000002,57,12,0.9444444444444444,0.714537037037037,,0.5907407407407407,0.9935,0.7921203703703703,,0.5907407407407407,,0.5907407407407407,0.9444444444444443,7,0,0,0.5384615384615384,0.5907407407407407,0.6632299372536778,0.6465438632861674,0.6590184745747842
SOM,Somalia,africa,2.136,4.443080370050449,2.307080370050449,0.7500207039337474,242,228,0.33801805555555553,0.336275,0.33975,0.3369642857142857,0.32741000000000003,0.32805750000000006,0.2607857142857143,0.27462857142857144,0.32545454545454544,0.32696969696969697,0.18888888888888886,9,0.5666666666666667,0.33999999999999997,0.6,0.33,0.32385972669568475,0.32385972669568475,0.29633164992655153
SPM,Saint Pierre and Miquelon,americas,5.5,5.620432067402156,0.12043206740215595,0,219,166,,0.43,,0.43,,0.43,,0.43,,0.43,,0,0,0,0,0.43,0.43,0.43,0.42999999999999994
SRB,Serbia,europe,6.0600254566091465,7.557491613265049,1.4974661566559027,0.7496130952380953,51,155,0.8103719135802468,0.7637090641322412,0.74925,0.7057660086826754,0.83784,0.777644007597341,0.3913214285714285,0.4324683489350155,0.5518181818181819,0.5668974646752425,0.9506172839506172,8,0,0,0.5714285714285714,0.5970560303893637,0.6697972107383036,0.6697972107383036,0.6697972107383036
SSD,South Sudan,africa,1.952,3.91451453017131,1.96251453017131,0.7496130952380953,246,236,0.2577168103448275,0.27134125808189646,0.29125,0.2994642857142857,0.31096999999999997,0.3132275,0.08946428571428572,0.1355714285714286,0.5361538461538462,0.4641025641025642,0.10344827586206896,8,0.8275862068965517,0.4729064039408867,0.5714285714285714,0.32,0.2721445294268243,0.2721445294268243,0.2399698067359682
STP,Sao Tome and Principe,africa,7.759610311102463,6.654413186256573,-1.1051971248458905,0.43041666666666667,135,85,0.7777777777777778,0.5514756944444444,,0.4486111111111111,0.79436,0.7079227777777777,0.6481071428571428,0.6082079365079365,0.9222222222222223,0.7643518518518518,0.7777777777777777,5,0,0,0.45454545454545453,0.4486111111111111,0.5772444170658508,0.49416308684723986,0.5552484837077492
SUR,Suriname,americas,7.235852089452861,7.122923588114172,-0.11292850133868892,0.44916666666666666,89,111,0.9404761904761906,0.6833705357142857,,0.5291071428571429,0.77778,0.7156117857142857,0.6487857142857144,0.6248500000000001,0.5145454545454545,0.5193993506493507,0.9404761904761906,9,0,0,0.6,0.5291071428571429,0.6210617523008131,0.5937309986113973,0.6141133228013474
SVK,Slovakia,europe,7.615643248373508,8.103105763726312,0.4874625153528038,0.749136400322841,25,93,0.9031375,0.8363444915254238,0.81975,0.7569642857142858,0.88573,0.8142975,0.5823928571428572,0.5859142857142857,0.5644444444444444,0.5762962962962962,1,7,0,0,0.5384615384615384,0.6,0.741106673209775,0.741106673209775,0.7411066732097749
SVN,Slovenia,europe,8.56255657071484,8.534412017291807,-0.028144553423032903,0.7496130952380953,10,53,0.941275,0.8666210937500001,0.91525,0.8251785714285714,0.91193,0.8339475000000001,0.7855,0.7484,0.5722222222222222,0.5814814814814815,1,8,0,0,0.5714285714285714,0.6,0.7985225039755692,0.7985225039755692,0.7985225039755692
SWE,Sweden,europe,8.722378380162274,8.383277214175493,-0.3391011659867811,0.7500207039337474,15,46,0.8249611111111111,0.7727956521739131,0.868,0.7871428571428571,0.9210400000000001,0.83703,0.9245714285714286,0.8566571428571429,0.5755555555555556,0.5787037037037037,0.8777777777777778,9,0,0,0.6,0.585,0.7783011599952674,0.7783011599952674,0.7783011599952674
SWZ,Eswatini,africa,4.0375,6.891940109310733,2.854440109310733,0.7500207039337474,115,198,0.718047619047619,0.6634642857142858,0.5635,0.5359183673469388,0.7469100000000001,0.6769235714285715,0.3623571428571428,0.3832785714285714,0.8200000000000001,0.7023214285714285,0.7976190476190477,9,0,0,0.6,0.4669642857142857,0.5849363699363422,0.5849363699363422,0.5849363699363422
SXM,Sint Maarten,americas,9.776628103188907,6.454362541952282,-3.322265561236625,0.075,162,11,1,0.62171875,,0.495625,,0.495625,,0.495625,,0.495625,1,3,0,0,0.3333333333333333,0.495625,0.5305000544487889,0.5305000544487889,0.5305000544487889
SYC,Seychelles,africa,9.125151865755438,7.249174005685094,-1.8759778600703436,0.44575757575757574,81,29,0.9259259259259259,0.6496244496244497,,0.49173789173789173,0.8773,0.7809094729344729,0.8676428571428572,0.792461864061864,0.8777777777777778,0.7490978157644824,0.9259259259259259,8,0,0,0.5714285714285714,0.49173789173789173,0.6569810975346297,0.5561799673472041,0.6301856234819874
SYR,Syria,middle_east,2.364,4.190147760469376,1.826147760469376,0.7496130952380953,245,222,0.22833571428571425,0.24838727678571426,0.2895,0.2982142857142857,0.50314,0.457355,0.32942857142857146,0.3275428571428572,0.4890909090909091,0.4327272727272727,0.03571428571428571,8,0.8928571428571429,0.5102040816326531,0.5714285714285714,0.32,0.32369295538446263,0.2666694175661292,0.2690501744708271
TCA,Turks and Caicos Islands,americas,8.844225,6.412749692602155,-2.431475307397845,0.175,170,40,0.7777777777777778,0.5442881944444444,,0.4664583333333333,0.9765,0.7214791666666667,,0.4664583333333333,0.9,0.4664583333333333,0.7777777777777777,3,0,0,0.3333333333333333,0.4664583333333333,0.5330891722095147,0.5029228293673474,0.5253820534924308
TCD,Chad,africa,1.216,4.715039417372889,3.499039417372889,0.7503732303732303,237,246,0.41204381313131316,0.39848333447083445,0.49250000000000005,0.4515933140933142,0.32533000000000006,0.33132914983164985,0.07992857142857143,0.13380817700817701,0.5054545454545455,0.4534118967452301,0.2828282828282828,10,0.2727272727272727,0.17045454545454544,0.625,0.3493265993265994,0.34078741100797516,0.34078741100797516,0.32626522019797627
TGO,Togo,africa,3.7945,6.45272173366001,2.6582217336600094,0.7500207039337474,164,202,0.6595553571428572,0.6101178571428573,0.62625,0.5707908163265306,0.47801000000000005,0.4665432142857143,0.376,0.3872285714285714,0.7333333333333333,0.6329365079365079,0.6428571428571429,9,0.03571428571428571,0.021428571428571425,0.6,0.43214285714285716,0.533154236254077,0.533154236254077,0.530298052845573
THA,Thailand,asia,5.647532499762255,6.549549491026861,0.9020169912646061,0.7500207039337474,149,162,0.6682694444444446,0.6219065217391306,0.60025,0.55875,0.6418999999999999,0.5951749999999999,0.4371785714285714,0.44074285714285716,0.339090909090909,0.3777272727272727,0.6111111111111112,9,0,0,0.6,0.455,0.542246153791047,0.542246153791047,0.542246153791047
TJK,Tajikistan,asia,1.5265,6.501521537955491,4.975021537955492,0.7500207039337474,155,244,0.7058152777777777,0.6578119565217392,0.65875,0.6091071428571428,0.7172099999999999,0.6591575,0.18425000000000002,0.2444,0.44,0.455,0.7444444444444442,9,0,0,0.6,0.48499999999999993,0.5363127373256917,0.5363127373256917,0.5363127373256917
TKL,Tokelau,oceania,9.850725625667748,6.434940177723687,-3.41578544794406,0.06,166,6,1,0.6,,0.5,,0.5,,0.5,,0.5,1,2,0,0,0.25,0.5,0.5281099842196291,0.5281099842196291,0.5281099842196291
TKM,Turkmenistan,asia,1.7155,6.477221295629313,4.761721295629313,0.7500207039337474,158,241,0.7264833333333334,0.6783347826086957,0.6125,0.5817857142857142,0.7275,0.671875,0.17453571428571427,0.24062857142857141,0.39777777777777773,0.43351851851851847,0.8333333333333334,9,0,0,0.6,0.505,0.5333158977541551,0.5333158977541551,0.5333158977541551
TLS,Timor-Leste,asia,7.276712291109611,7.509209441244789,0.23249715013517847,0.749136400322841,54,109,0.7762371212121213,0.7135796695771273,0.7045,0.6437481962481962,0.70806,0.6540121717171717,0.6133571428571428,0.5890594516594516,0.8166666666666668,0.7084006734006735,0.8030303030303031,7,0,0,0.5384615384615384,0.4918686868686869,0.6635607338827976,0.6635607338827976,0.6635607338827976
TON,Tonga,oceania,6.936727797841552,7.318249066061342,0.3815212682197897,0.4041666666666667,74,126,0.9770114942528735,0.7147090517241378,,0.5573275862068965,0.84555,0.773494396551724,0.4099999999999999,0.4836637931034482,0.8045454545454546,0.7221394984326018,0.9770114942528735,9,0,0,0.6,0.5573275862068965,0.6441714914740562,0.6237955096202304,0.6390159326253946
TTO,Trinidad and Tobago,americas,7.74848883623248,7.267125967732572,-0.4813628684999074,0.7496130952380953,78,86,0.7162551724137931,0.6641971982758621,0.5945,0.5612931034482759,0.73488,0.6707289655172414,0.7180357142857143,0.6700837438423646,0.7833333333333334,0.6816475095785441,0.7241379310344828,8,0,0,0.5714285714285714,0.4782758620689655,0.6405769366242483,0.6087906183010462,0.6324780550243115
TUN,Tunisia,africa,6.83037419128174,6.999720686197582,0.16934649491584253,0.7500207039337474,104,130,0.6624749999999999,0.6103065217391304,0.64575,0.5819642857142858,0.83441,0.7314324999999999,0.5175000000000001,0.49850000000000005,0.5966666666666667,0.5386111111111112,0.6,9,0,0,0.6,0.42250000000000004,0.5991018250220246,0.5967526985952916,0.5985136778929243
TUR,Turkey,middle_east,3.1195,5.8368135245828645,2.7173135245828646,0.7478911564625851,206,208,0.5412265350877193,0.5140025689223057,0.48075,0.4633803258145363,0.57256,0.5344090350877193,0.2502857142857143,0.2842197994987469,0.4636363636363636,0.44907628920786813,0.6140350877192983,5,0,0,0.45454545454545453,0.4199561403508772,0.45564740870767784,0.45564740870767784,0.4556474087076779
TUV,Tuvalu,oceania,6.751046304689041,7.254705036892213,0.5036587322031725,0.40075757575757576,80,131,0.9733333333333333,0.7051794871794871,,0.5519487179487179,0.82092,0.7536771794871795,0.37,0.46097435897435896,0.8681818181818182,0.7627707847707846,0.9733333333333333,8,0,0,0.5714285714285714,0.5519487179487179,0.6356127158395469,0.6169381586901126,0.630891739342454
TWN,Taiwan,asia,8.789904923712955,7.738976277186724,-1.0509286465262306,0.5244047619047618,44,43,0.8762875,0.7983246212121212,0.8405,0.750487012987013,,0.5254545454545454,0.8888571428571429,0.7980064935064936,,0.5254545454545454,1,6,0,0,0.5,0.5254545454545454,0.6933478324088496,0.6933478324088496,0.6933478324088496
TZA,Tanzania,africa,6.900724399143943,6.939215602733192,0.03849120358924907,0.7500207039337474,110,127,0.6668458333333334,0.6153576086956524,0.65825,0.5930357142857143,0.6414,0.58855,0.5905,0.5584,0.6381818181818182,0.5687878787878787,0.6333333333333333,9,0,0,0.6,0.43,0.5908836895934824,0.5908836895934824,0.5908836895934824
UGA,Uganda,africa,3.8890000000000002,5.9696402702340565,2.0806402702340563,0.7337065637065636,200,201,0.6070208333333333,0.5664637762762762,0.5215,0.49234126984126986,0.475,0.4564814814814815,0.29925,0.3232888888888889,0.6718181818181818,0.5876936026936027,0.5833333333333333,10,0.15625,0.09765625,0.625,0.41944444444444445,0.4833442419076883,0.4833442419076883,0.4715438453767388
UKR,Ukraine,europe,2.41,4.880938937810074,2.4709389378100735,0.7333540372670807,232,220,0.30074027777777773,0.32666630434782606,0.47,0.4557142857142856,0.305,0.3433333333333333,0.4441785714285714,0.43934285714285715,0.5566666666666666,0.5111111111111111,0.14444444444444443,9,0.7,0.42,0.6,0.42,0.3920303806584267,0.36567862318926225,0.3448162479070731
UMI,US Minor Outlying Islands,other,5.5,5.78939212004258,0.28939212004257975,0,208,166,,0.45,,0.45,,0.45,,0.45,,0.45,,0,0,0,0,0.45,0.45,0.45,0.45000000000000007
URY,Uruguay,americas,7.897956766065,7.528388418592925,-0.36956834747207434,0.7337065637065636,53,73,0.8148583333333332,0.7516156906906906,0.618,0.5906746031746032,0.685,0.6307870370370371,0.7892857142857143,0.7359007936507936,0.6711111111111111,0.6215277777777778,0.8958333333333333,10,0,0,0.625,0.522361111111111,0.6683151756120114,0.6592472336740821,0.6660365632416518
USA,United States,americas,7.347732969275989,7.060048555893489,-0.2876844133825003,0.7303896103896103,96,106,0.666667261904762,0.6271890121452621,0.6405,0.5983465608465608,0.66,0.604320987654321,0.8146785714285714,0.7503354497354497,0.37272727272727274,0.4128058361391695,0.9047619047619048,4,0,0,0.4,0.49296296296296294,0.6061417105950576,0.6061417105950576,0.6061417105950576
UZB,Uzbekistan,asia,2.9844999999999997,6.783306463598162,3.7988064635981624,0.7333540372670807,123,211,0.7701555555555555,0.7152304347826087,0.65975,0.6191071428571427,0.645,0.6025,0.32978571428571435,0.3673285714285715,0.3644444444444444,0.4154629629629629,0.8888888888888888,9,0,0,0.6,0.5175,0.571318250638425,0.571318250638425,0.571318250638425
VAT,Vatican City,europe,4.088657809063479,6.4722589866555875,2.3836011775921087,0.15,159,197,1,0.5880208333333334,,0.5291666666666667,,0.5291666666666667,0.42095238095238097,0.4480059523809524,,0.5291666666666667,1,1,0,0,0.14285714285714285,0.5291666666666667,0.5327043524420896,0.5327043524420896,0.5327043524420896
VCT,Saint Vincent and the Grenadines,americas,7.122735300664393,6.939394037944336,-0.18334126272005768,0.3854166666666667,109,118,0.9215686274509804,0.6343351715686274,,0.5037745098039216,0.8514300000000001,0.7645161274509805,0.44000000000000006,0.4718872549019608,0.8166666666666668,0.7123692810457517,0.9215686274509803,5,0,0,0.45454545454545453,0.5037745098039216,0.6015590581146921,0.56006606631772,0.5909061608890965
VEN,Venezuela,americas,1.1215,4.751495871918857,3.629995871918857,0.7333540372670807,236,247,0.4169236111111111,0.4088967391304348,0.364,0.3685714285714286,0.48499999999999993,0.44999999999999996,0.07646428571428573,0.13717142857142858,0.4438461538461538,0.4225641025641025,0.27777777777777773,9,0.3,0.18,0.6,0.38,0.3458882608358328,0.3458882608358328,0.33032328909822034
VGB,British Virgin Islands,americas,9.8481,6.739376705177166,-3.108723294822835,0.175,126,10,1,0.62171875,,0.495625,0.938,0.7168125,,0.495625,,0.495625,1,3,0,0,0.3333333333333333,0.495625,0.5711312266411332,0.5502216898519507,0.5658305032015647
VIR,US Virgin Islands,americas,9.925181917084517,6.0273192176074115,-3.8978626994771055,0.0375,195,1,1,0.5267708333333334,,0.45916666666666667,,0.45916666666666667,,0.45916666666666667,,0.45916666666666667,1,1,0,0,0.14285714285714285,0.45916666666666667,0.47848217455147973,0.47848217455147973,0.47848217455147973
VNM,Vietnam,asia,3.0115,6.921515416854001,3.9100154168540016,0.7337065637065636,112,209,0.8297166666666667,0.7643124624624625,0.73675,0.6768849206349206,0.625,0.5924074074074074,0.4253571428571429,0.4457301587301588,0.16272727272727272,0.2842255892255892,0.9166666666666666,10,0,0,0.625,0.5272222222222223,0.5886555034935567,0.5886555034935567,0.5886555034935567
VUT,Vanuatu,oceania,7.707669739562785,7.354111780424206,-0.35355795913857957,0.43249999999999994,71,87,0.9655172413793104,0.7087823275862069,,0.5547413793103448,0.79,0.711580459770115,0.636,0.6197482758620689,0.75,0.6849137931034482,0.9655172413793104,9,0,0,0.6,0.5547413793103448,0.6516541985493627,0.6200707901837068,0.6436106422531809
WLF,Wallis and Futuna,oceania,9.925181917084517,6.187280920464224,-3.7379009966202927,0.0375,186,1,1,0.5442708333333334,,0.4791666666666667,,0.4791666666666667,,0.4791666666666667,,0.4791666666666667,1,1,0,0,0.14285714285714285,0.4791666666666667,0.49783466918230546,0.49783466918230546,0.4978346691823055
WSM,Samoa,oceania,7.776059248829936,7.39358558953628,-0.3824736592936562,0.40075757575757576,65,83,0.9753086419753088,0.7061685228351895,,0.5523741690408357,0.86009,0.7831610422602089,0.58,0.5661870845204178,0.8409090909090908,0.7447307836196725,0.9753086419753086,8,0,0,0.5714285714285714,0.5523741690408357,0.6593939928141416,0.6175559371358531,0.6486759777102884
XKX,Kosovo,europe,8.599728212615,7.623415114689316,-0.9763130979256838,0.5133540372670807,48,51,0.7779347222222223,0.7349054347826088,0.68125,0.6523214285714286,0.9565,0.76825,,0.58,,0.58,0.8555555555555555,9,0,0,0.6,0.58,0.6783320874904525,0.6783320874904525,0.6783320874904525
YEM,Yemen,middle_east,1.8775,3.7203009250962467,1.8428009250962467,0.7333540372670807,248,238,0.2278541666666667,0.24788586956521744,0.275,0.28785714285714287,0.22000000000000003,0.25333333333333335,0.07639285714285717,0.12511428571428573,0.5807692307692308,0.4938461538461539,0.06666666666666667,9,0.8,0.48,0.6,0.32,0.2498983876988356,0.2498983876988356,0.21991058117497533
ZAF,South Africa,africa,6.7431626027044995,6.747537018131897,0.004374415427397693,0.7496130952380953,125,133,0.6913867816091954,0.6425387171198055,0.472,0.4708803839838322,0.70701,0.6472778359858533,0.5538928571428571,0.5367305545029682,0.6836363636363636,0.61178469040538,0.8160919540229884,8,0,0,0.5714285714285714,0.4680813439434129,0.5766853195219828,0.5383355027716523,0.5668490556173348
ZMB,Zambia,africa,6.747779530033852,7.147247027983145,0.3994674979492929,0.7333540372670807,88,132,0.8019930555555557,0.7336250000000002,0.655,0.6071428571428571,0.62,0.5758333333333333,0.5179642857142858,0.5118714285714286,0.6299999999999999,0.5824999999999999,0.888888888888889,9,0,0,0.6,0.48750000000000004,0.61720302487007,0.61720302487007,0.61720302487007
ZWE,Zimbabwe,africa,3.3894999999999995,6.420263315360203,3.0307633153602036,0.7337065637065636,169,205,0.6749666666666667,0.6286525525525526,0.55475,0.5278968253968254,0.645,0.583587962962963,0.2809642857142857,0.31692420634920637,0.61,0.5602546296296297,0.7604166666666666,10,0.03125,0.01953125,0.625,0.4607638888888889,0.5288878495000848,0.5288878495000848,0.5263053892974477
